caller_id,callee_id,call_start,call_duration,call_type,cell_id,location,imei,is_fraud
2970466637702,,,,video_in,,"28.7092,-32.4055",IMEI_284302,False
,,,,conference,CELL_945,"-45.1618,11.5098",,False
,2514278974310,2023-05-07 18:09:24,,,,,,False
,,2023-12-26 00:51:54,,,,,,False
,,,,,,,,False
,2743345499420,,,,,,,False
,,2023-06-01 07:20:39,,,,,,False
,3786122778279,,,,,,,False
,2415398083863,,,voice_in,,,,False
,,,2650,voice_in,,,,True
5361589113781,,,2222,video_out,,,,False
,,,,video_out,CELL_926,,IMEI_638147,False
4415801574377,,,1846,,,"-40.8382,115.2144",IMEI_118849,False
6935859450295,,2023-03-31 12:30:33,475,,CELL_869,"26.0513,19.5417",,False
,,,,conference,CELL_722,,,False
,,,257,,,,,False
4122495480337,,,,,,,,False
,,2023-01-12 13:32:45,,,,,,False
,,,,,,,IMEI_642365,False
,,,,,,,,False
8022336100712,6085527926689,,,conference,,,,False
1871990643760,7642115057354,,,,,,IMEI_894063,False
,,,,,,"-61.7687,-78.0537",IMEI_220466,False
,,2023-11-15 13:10:10,,,,"-29.6661,116.8317",,False
,6225585250953,,,,,,,False
,,,,,,"-42.8984,-87.0075",IMEI_991563,False
,,2023-05-23 05:47:59,,,,"-19.8309,110.1334",IMEI_799521,False
,,,,,,,,False
,,,262,,,,,True
,,,,,,,,False
,7282020997708,,3281,,,,,False
7593752500848,,,,,,"-83.0663,34.6891",,False
4210658249813,,,,voice_out,,,IMEI_851670,False
,,2023-11-29 17:42:50,2215,,,,IMEI_497853,False
,,,,,,,,False
,,,369,,CELL_541,,,False
,,,,video_in,,"-63.9668,65.4036",IMEI_224417,False
2513434580805,,,,conference,CELL_423,,,True
,7439033688891,,,,CELL_148,,,False
4417025380416,5771525626223,,,,,,,False
1258046822395,8036132734752,,,,,,,False
,,,,,,,,False
,,,,,,"-73.2524,-128.4292",,False
,,,,video_out,,,,False
,6445741414523,,,,,"58.1227,163.6932",,False
,,2023-04-10 01:38:46,,video_in,,,,False
6096781597974,7005254083405,2023-02-02 15:03:41,,video_out,,,IMEI_785235,False
5718609494209,,,,,,"-64.2747,77.6293",,False
6274682120117,,,,,CELL_563,"76.5863,-90.4007",,False
4166660659679,,,,voice_out,,,,False
,,,2274,,CELL_123,,,False
,9053552532592,2023-08-21 04:09:36,,conference,,,,False
,4483718346256,2023-07-25 15:43:34,,conference,CELL_842,,,False
,5231156075504,,,,,,IMEI_832201,False
3675613907544,,,,,,"-23.4822,-75.1828",IMEI_610280,False
,,2023-08-11 05:01:32,,,,,,False
,,,,,,"-60.9899,125.7087",,False
8610921234466,,2023-09-10 07:02:59,,,,,IMEI_275992,False
,,,364,video_in,CELL_886,,,False
7089243488526,,,,,,,,False
,,,,voice_in,,,IMEI_279974,False
,3232463574924,,2039,,,,,False
3265562871314,,,2488,,CELL_816,,,False
8105789143350,,,,,,"1.7258,-112.3391",IMEI_195151,False
,,,,,,"3.5187,13.9895",IMEI_455812,False
,1457326405894,,,,,"-17.1963,161.2190",IMEI_749321,False
,,,,,CELL_908,,,False
8456901746107,,,,,,,,False
,,2023-05-19 09:48:45,,,,,IMEI_140869,False
6504950068782,5018799769048,2023-10-29 10:51:51,,,,"-80.7224,-162.7517",,False
,2789690037524,,761,voice_in,,,,False
,,,,,,,IMEI_103783,False
,,,,,,,IMEI_797131,False
5695498241461,,,2472,,,,IMEI_266529,False
,,,1155,conference,,,,False
3213844898601,,,,,,"-80.9602,14.4083",,False
,,,,,CELL_549,,,True
,,,,,,,,False
,,2023-04-20 12:00:49,,,CELL_382,"-70.3978,-85.4985",,False
9798760328146,,,,,,,,False
1435851492520,,2023-06-16 00:30:57,,voice_in,,"-79.1747,93.4217",IMEI_793482,False
,,2023-04-26 11:53:28,,,,,,False
,,,,,,,,False
,5576891526513,,,,,,IMEI_179877,False
,,2023-07-23 04:45:00,,,,"-60.7100,41.8206",,False
,,,,video_in,,,IMEI_864316,False
,,2023-01-02 15:23:37,,,CELL_490,,,False
,,,,,,"34.0209,-66.8630",,False
,,,,,,,IMEI_623835,False
1247975465018,,,,,,,IMEI_943748,False
,,,3432,,,,,False
4762598702410,,,,,CELL_835,"30.6224,125.0461",IMEI_681052,False
,,,,,,"6.5146,156.3790",,True
,,2023-08-15 21:00:14,,,CELL_175,"26.5179,173.4266",,False
1900972086683,,2023-06-28 07:01:24,,,,,,False
,,,,,CELL_317,,,False
,5076959942036,,,,,,,False
,,,,,,,,False
,,,,,CELL_410,,,False
,,,2963,,,,IMEI_622023,False
,,,2164,,,,,False
,,2023-01-07 17:38:02,,,,,IMEI_490958,False
1658566820572,,,,,,,,False
,,,,,,"25.9344,-139.5332",IMEI_628718,False
,,,1986,,,"-21.4632,12.7299",IMEI_777446,False
4835729541374,,,,,CELL_760,,,False
,,,51,,,,,False
,5388144955482,2023-11-11 14:17:32,,,,,,False
,,2023-12-26 08:50:25,,voice_in,,"51.7544,67.8839",,False
,,,,,,,,False
,,,2805,,,,,False
8397439479072,,,,,,,,False
1502700200404,,2023-05-11 10:14:16,,conference,,,,False
,2902464642506,,,,CELL_290,"17.7912,-134.4627",,False
9737358490485,,,2661,,,,,False
,1129002918385,,,,,,,False
,,2023-04-22 21:10:13,,,,,,False
,,2023-07-05 08:13:54,3496,,,,IMEI_510152,False
9574035135413,3813869588516,,,,,,IMEI_398806,False
,,,,,,,,False
,,2023-03-21 10:32:44,,,,,,False
,,,2620,,CELL_189,,,False
9346980285238,,,,,CELL_302,,,False
,8814940026408,,,,CELL_567,,,False
,,,,,,,,False
3818723240014,8001956160066,,,,,"-42.8939,124.1304",,True
,,,,conference,,,,False
5047734635191,,,,video_out,CELL_563,"-88.6347,67.7069",,False
1787121318348,9403228187205,,,,,,IMEI_175563,False
,3388338134282,,1683,video_in,,,,False
,3913843897272,,,,,,,False
7084218824746,2469750020973,,,,,,IMEI_437489,False
,2780903846035,,,video_in,,,,False
,2724466726294,2023-05-18 21:49:40,,,,,,True
,,,,,,,,False
,,,,,,,,True
,,,2225,voice_out,,,IMEI_508901,False
,,,,,CELL_841,,IMEI_840513,False
4272901255076,,2023-09-10 12:26:15,,,,,,False
,,2023-08-04 16:49:57,466,,,"-55.2516,-179.4463",,False
,,,,conference,,,IMEI_561458,False
2278121181674,,,,,,,,False
,,,,,,,IMEI_849795,False
4530554867167,8861821716552,,,,,"-53.1660,101.9790",,False
,9847598085217,,,,,"-88.9860,-155.9883",,False
,6082878308687,2023-10-26 01:18:17,59,,,"44.0960,148.0807",,False
,,2023-05-14 16:02:50,,video_in,,"-38.2886,179.8678",,True
5061619591901,,,,voice_out,,"63.4040,136.4397",,False
,,,,,CELL_175,"28.5540,-171.2817",,False
,,,3165,,,"-30.0710,-7.5560",,False
,5543427230980,,1362,,,,,False
6316551619184,,,,,,,,False
,,,,video_out,CELL_861,,,False
9668395574545,,,,,,"-38.3170,133.2184",,False
,,,,,,,,False
,,,,,,,,False
9329047723643,8892158154241,2023-07-09 14:28:31,,,,"-84.3057,126.2047",,False
,4914344785758,,,,,"-86.8656,-172.4693",,False
,,2023-06-10 16:09:39,207,,,,IMEI_504946,False
,,,1078,,,"72.9504,-19.5898",IMEI_748079,False
5576169451681,,,,,,,,False
,,2023-12-17 07:39:26,,,,"-81.4297,170.3308",,False
,,,,,,,,False
2963502013891,,,,voice_in,,"65.4616,-60.9882",,False
5043591402494,,,,,CELL_147,"-39.3527,-35.9190",,False
,,,,,,,,False
,,,,video_out,,"-53.3581,-57.5349",IMEI_260454,False
,,2023-12-09 22:17:13,,,,"58.9749,-59.2661",IMEI_172821,False
,,,,,CELL_329,"-52.3940,-165.2729",,False
,,,,,,,,False
,,,,,,,,False
,,,,,,,,False
,,,,,,,,False
,,,1517,conference,CELL_694,,,False
,,2023-05-12 11:46:33,902,,CELL_989,,,False
7411899396503,,,,,,,,False
,7172451238674,,,,,,,False
,,2023-10-24 15:09:10,,,,,IMEI_637110,False
,,2023-06-12 20:44:57,,,,,,False
3315872909678,,,3409,,,"26.1968,171.2205",,False
,,,3239,,,,,False
,,,,video_out,,,,False
1306744156395,,,,,,,,False
,,,,,CELL_153,"75.5792,-64.1306",,False
8056130835960,5955409540520,2023-09-05 21:34:43,,,CELL_595,,IMEI_766359,False
,,,2965,video_in,,,IMEI_161300,False
,,,,,,,,False
8858437220271,8642130613287,,,,,,,True
,7510581482035,2023-02-16 10:12:33,273,,CELL_616,,,False
,,,,,,,,False
,,2023-02-15 05:03:02,121,voice_in,,,IMEI_929529,False
,,2023-04-07 03:06:03,,,,,IMEI_132785,False
8785927172287,1517181101474,,1520,,,,,False
,5282165261464,2023-11-25 17:58:15,,,,,,False
,5421805769608,,1803,,CELL_839,,,False
,,2023-05-17 13:10:21,,,,,,False
,,,,,,,IMEI_621793,False
2861071083623,,,506,voice_out,,,,False
,,2023-11-18 18:03:47,,,,,,False
,,,,conference,,"84.7218,-126.9686",,False
9310418529209,,2023-04-11 00:25:21,,,,,,False
,,2023-02-13 17:39:49,,conference,,,,False
,,,,,,,,False
7015133195833,9035657028655,,,voice_in,,,,False
,,,,,CELL_740,,,False
,,,,,CELL_553,,,False
7608187324769,,,,,,,,False
,,,,,CELL_407,"-18.2518,19.4232",,False
,,,,,CELL_290,,,False
6247025284622,,,,,,,,False
4955887978974,,,,,,,,False
,,,,,,,,False
7167927697746,6935791223757,2023-05-17 20:39:47,,,,,,False
,,,,voice_out,CELL_938,,,False
,,,,,,"62.3917,-136.4519",IMEI_916555,False
4022598756352,,,,,,"16.8017,154.4740",,False
6082936003628,6521287478478,2023-02-24 02:50:35,,,,,IMEI_205061,False
,,,,,,,,False
,,,,,,,IMEI_771710,False
,,,2568,,,,,False
,,,,video_out,,,,False
,,,,,CELL_514,"14.6618,-155.2750",,False
,1956649446666,,2023,,CELL_111,,,False
,,,,video_in,CELL_371,,,False
,,,,voice_out,,,,False
,2766483818409,,424,,,"78.7484,-160.1173",,False
,5332294416047,,,video_in,,,,False
6984330854610,,2023-05-27 22:45:28,,,,,,False
,,,,,,"75.2500,151.5048",,False
,1442491893950,,1890,,,,,False
,,,,,,"-45.8246,156.7216",IMEI_331788,False
,,,,,CELL_179,,,False
,,,,,,,IMEI_328099,False
,,,,,,,,False
,,,,voice_in,,,,False
,,2023-04-29 07:26:57,3567,,,,,False
,,,,,,,,False
,,,1183,,CELL_514,,,False
2521799818373,,2023-05-22 06:21:47,,,,,,False
,4501266762016,,,,,"-34.2243,-8.3091",,False
,,,342,,,,,False
,9050586044600,,,,,,,False
,,,,,,"-45.4353,84.2761",IMEI_198225,False
,,,,voice_out,CELL_432,"6.8292,47.6547",,True
3917613487862,,,,,CELL_564,,,False
,,,,,,"77.2488,52.8827",IMEI_529251,False
,,,,,,,,False
,5648237508385,2023-03-25 12:36:13,,video_in,,,,False
,,,3391,,,,,False
,,2023-02-05 17:49:20,,,,,IMEI_595335,False
3964447718057,,,,,,,,False
,,,1394,,,,,False
9865490567056,5917609229000,,2654,,,,,False
,,,,video_in,,,,False
,,2023-09-08 00:43:58,,video_out,CELL_562,,IMEI_728893,False
9833285977755,,,846,,CELL_431,,IMEI_811540,False
,,,,,,"12.1528,139.2275",,False
,,,1171,,,,,False
,,,972,,,,,False
,,2023-01-28 20:25:51,2498,,,"22.2562,-138.2305",IMEI_751153,False
,,,2041,,,"-76.0946,-111.8152",,True
,,,,video_in,,,IMEI_614079,False
,,2023-10-28 23:54:48,,,,"9.0671,91.6853",,True
3745311461131,,2023-01-25 16:58:02,1872,,CELL_969,,,False
,,,,,,"12.3693,-50.6173",,False
,,,3400,,,,,False
8804714456304,,,,,,,,False
,,,,,,,,False
,,,,,,"-37.7762,45.7564",,False
4772722161431,,,,,,"-62.5269,172.2570",,False
,,,,,,,,False
6801085796789,,,488,,,,,True
,,2023-05-29 23:28:29,,,,"47.0915,-68.4923",,False
,,,,conference,,,,False
5226067173888,,2023-05-20 03:43:12,,,,,,False
,,,2314,,,,,False
,,,,,CELL_994,,,False
3455192875902,,,2958,video_in,,"-23.0123,-118.6223",,False
,,,,,,"-21.6095,173.8743",,False
,5847829623499,,,,,,,False
,,,,,CELL_941,,IMEI_462980,False
,,,1658,,,"89.0400,-95.8038",IMEI_485890,False
,,,1126,,CELL_284,"-50.8539,11.7960",,False
8141580890805,,2023-09-29 10:28:17,,,,,,True
1554624195018,,,3360,,,,IMEI_329071,True
4060180345343,,2023-01-20 21:39:21,,,,,,True
5946412507735,,,,,CELL_540,,,False
,5757996751602,,,,CELL_176,"-4.9023,178.2033",,False
8118422054340,,,,,,"46.7697,172.3350",,False
,,2023-02-27 06:30:49,,,CELL_392,,IMEI_419298,False
3994042345350,,2023-06-23 13:05:36,,,CELL_441,"-46.5785,-99.3482",,False
2189999045435,,2023-02-20 19:10:26,2083,,,,IMEI_406014,False
,,,,,,"-25.6838,116.6626",,True
8964662024220,,,,,,,,False
,1583947003957,,,,,,IMEI_925667,False
,,,,,,,IMEI_459993,False
,,,,voice_out,,,IMEI_248829,False
,,2023-05-02 01:21:02,,,CELL_552,,,False
,7480470718805,,81,,,,,False
,7503854002881,2023-07-27 15:19:38,,voice_in,,"60.7130,179.5554",,False
,,,,,,,IMEI_534475,False
,,,,,,,,False
,,,,,,,IMEI_564012,False
,,,204,,,"23.8291,82.0481",IMEI_788300,False
4014260724823,,,,,,,,False
,5205478306011,2023-11-16 10:56:33,,,CELL_618,,,False
,,,,,,"-59.5241,92.1231",,False
5381894081039,2715220043177,2023-01-25 03:49:15,,,,,,False
,,,,,CELL_468,"-26.8045,-20.8049",IMEI_242650,False
,,,2690,,CELL_484,"37.4520,-71.4637",,False
4188890459331,,,,,,,,False
,,2023-04-30 22:33:11,,video_out,,"54.6318,70.1052",,False
,,,,,,,,False
3428290155141,,,,video_in,,"37.9418,42.3984",,False
,,2023-08-07 02:10:28,,voice_in,,,IMEI_947294,False
,8016207364318,2023-09-30 12:35:36,1378,,CELL_157,"18.8389,109.0896",,False
,,,,,,,,False
9531396829985,5368455052594,,,,,,,False
,,2023-02-21 22:56:55,,,,,,False
5830357955534,,,,,CELL_555,,IMEI_485278,False
8691187398113,,2023-01-09 23:58:08,1007,video_in,,,,False
2112397766998,4987989271123,2023-08-09 19:19:53,,,,,,False
,1084099486233,,2558,,,,IMEI_777674,False
,6154923870770,2023-02-27 05:59:07,,voice_out,,"58.7484,-80.6506",,False
,2701943867890,2023-12-25 15:54:24,,,,,,False
,,,,video_out,CELL_615,,,False
6520852696236,,,,,,,,False
1921408850192,,,,,,"63.5501,-163.8864",IMEI_621550,False
,,,,voice_out,,,IMEI_932712,False
,,,,,,,,False
,,,,,,,,False
,,,,,,"-57.0932,-9.7191",,False
5976491247594,,,,,,,IMEI_930825,False
,,,,,CELL_831,,,False
,4727314203300,,,,CELL_808,,,False
,,,294,,,,,False
,,,154,,,"82.8995,-72.9218",,False
3298711431774,,,,,,,,True
,,,,,,,,False
,,,,voice_out,CELL_186,"4.0192,20.3624",IMEI_358784,False
5803793094460,,,,video_out,CELL_905,,,False
,,,,,,,,False
,,2023-10-07 21:26:04,,,,,,False
,,,,,,"14.1973,-85.6274",,False
6186171526441,,,,,CELL_925,,,False
,,,,,,,,False
9695378891998,,,2636,,,"81.5812,-93.9869",,True
8875679384645,,,1459,,,,IMEI_865618,False
3720916424167,,,,voice_in,CELL_444,,,False
,2026366818855,,,voice_out,,"-29.7333,-4.4298",,False
,,,,voice_out,,,,False
,,,,,,,,False
,,,,,,"-47.3188,-173.0796",,False
7507408531707,2037412813003,,,,,,,False
,,,,,,,,False
,1835426717221,,,,,,,True
6246714537332,,,,,,"-28.6494,155.5876",,False
,,,,video_in,,,,False
,,2023-09-05 11:45:55,,voice_in,CELL_352,,,False
,2822725300539,,,,,,,False
,2976773990050,,109,,,,,False
,1554545990231,,,,,,,False
9089889920810,,2023-12-13 12:14:07,730,,,"4.6428,103.7861",,False
,5663939286044,,2846,,,,,False
7920375363898,,,170,,,,,False
5586750342189,,2023-08-10 12:01:37,592,video_in,,"49.1608,-65.2070",IMEI_128705,True
,,,,,,,,True
,,,2041,,,,,False
4205701671968,,2023-01-30 02:36:42,,,CELL_811,,,False
6460234989912,,,,,CELL_634,,IMEI_434695,False
,,2023-01-18 14:51:22,165,,CELL_412,,,False
,,,,video_out,,"11.3773,104.0134",,False
,,,,voice_out,,,,False
,,,2461,,,,,False
,,,,,,,,False
,,,,,,,,False
2955465063023,,,,,,,IMEI_863221,False
,,,,,CELL_978,,,False
,,,,,CELL_846,,,False
6040186628386,,2023-02-11 20:11:41,1730,,,,IMEI_563637,False
,2907864011426,,,video_in,,,,False
,,,1246,,,"66.8701,153.5386",,False
,,,2791,,,,,False
1791173666930,,2023-05-15 08:31:38,,,,,,False
,,,,,,,,True
8300307322841,,,,conference,,,IMEI_870546,False
9031736697748,,,,,CELL_301,,,False
6948434837801,,,575,,,,,False
,,,,,,,,False
,,2023-03-14 03:34:30,1247,,CELL_488,"-3.2350,67.0465",,False
,,,,,,,IMEI_219486,False
,,2023-10-18 00:04:22,,,,,,False
,,,,,,,IMEI_238976,False
7044450601072,,,,,,,IMEI_702876,False
,1533691419452,,,,CELL_783,,,False
5161293088782,,2023-07-20 08:59:14,,,,"-8.4643,-36.7825",,False
,5068212046709,2023-08-01 18:54:38,,,,"-49.6435,-10.3095",IMEI_704948,False
,,,,video_in,,,IMEI_363249,False
,5357394819088,,,,,,IMEI_387221,False
2187668735657,8306352855301,,,,,,,False
,1784552312499,,,conference,CELL_280,,,False
,,2023-06-05 14:38:28,,,,"86.4777,-82.4028",,False
,,,,voice_out,,"88.5756,-94.7461",,False
,,,,,,,,False
5734048371648,,,,video_out,CELL_371,,IMEI_805547,False
8659953686745,,2023-05-29 11:10:49,,,,"-50.5445,-36.6259",IMEI_366084,False
6867302246684,,,,,,,IMEI_469806,False
,,2023-11-28 00:53:06,,,CELL_920,,,True
,6582328689391,,1675,,,,IMEI_540213,False
,,,,,,,,False
,5122982264574,,,,CELL_249,"-43.8974,47.5683",,False
,,,,,,,,False
,,,2076,,,,,False
,7411705830406,2023-11-05 20:09:04,,,CELL_154,,,False
,,,,,,,,False
,,,74,,CELL_641,,IMEI_542436,False
4775595129432,3937187747691,2023-06-16 03:07:50,,conference,,,,False
8377034887764,,,,,CELL_910,,,False
,4127102518329,,1647,,,,IMEI_201070,False
,,,599,,,,IMEI_722436,False
,3423737220884,,2581,,,,IMEI_232926,False
5629246846380,,,,,,,,False
,,2023-05-25 14:10:27,,,,,,False
,9477489663716,2023-05-09 06:49:09,,,,,,False
8111207941683,,,,video_in,,,,False
,,,,,,,IMEI_612881,False
,,,,,,,,False
,,,6,,CELL_777,"88.2941,96.9896",,False
,9565812221016,,,conference,,,,False
,,,2579,,,,,False
,,,407,,CELL_419,,,False
,,,,,,,IMEI_377522,False
,,,,,,"42.9837,-164.5742",IMEI_976925,False
,,,,,,,,False
,,2023-08-08 09:09:06,3097,,,"-31.5692,-4.2753",,False
,,,3535,,,,,False
5277004268516,,,1068,video_in,,,,False
,,,,,CELL_105,,,False
,,2023-10-19 13:22:50,,,,,,False
,,,2235,video_in,,,IMEI_742559,False
,5162882715568,,637,,,,,False
,,,1882,,CELL_566,"14.0300,-41.0922",,False
,,2023-05-25 03:19:57,,,,,,False
,,,1717,video_in,CELL_131,"40.7786,14.6814",,False
3390069674173,,,,video_in,,,,False
8222358720495,,,,,,,,False
,,,,,,,,False
9427911032484,9369830621145,,405,,,,,False
,,,2121,,,,,False
,,,3438,conference,,,IMEI_975656,False
,,2023-05-05 19:45:08,,,,,,False
,,,,,,"75.2888,-69.0391",,False
7127312100373,,,,,CELL_534,,,False
,,,,,CELL_234,,IMEI_546446,True
,,,,,,,,False
,,,,,,,IMEI_871583,False
,,2023-07-31 09:18:04,2974,,,"-51.1599,-108.7020",,False
,,2023-04-05 19:46:24,,voice_in,CELL_918,,,False
,,,,video_in,CELL_410,,,True
,,,,,,"-62.0333,151.4295",,False
,,2023-08-18 22:00:56,,,,,IMEI_744771,False
,4654699296591,,,,,,,False
5411321194492,,,,,CELL_815,,,False
,7979836351509,2023-08-15 10:18:09,,,,,,False
,,2023-09-08 05:19:55,,,,"78.9337,-124.2694",,False
,,,301,,,,IMEI_545876,False
,,,2830,,,"45.9218,-75.4415",IMEI_963799,False
,,,,,CELL_763,,IMEI_465682,False
7106943198603,,,,,,"67.0296,-107.0693",IMEI_738115,False
2432933321738,,2023-08-01 16:43:07,,video_in,,,,False
7890823269849,,,,,,"-52.3514,-98.8351",IMEI_377563,False
,,,,,CELL_117,"43.8290,-116.0292",,False
,,,,,,,,False
,,,,voice_out,,"-87.1162,-79.4475",,False
7700634096268,,,,video_out,,"15.7244,-35.4711",,False
,,,,,,,IMEI_931269,False
5972326030029,,2023-06-15 18:50:52,,conference,,,,False
,,,,,,,,False
8563540970096,,,,,,,,False
,3926769561133,,,conference,,,,False
,,,,conference,CELL_757,,,False
,,,,video_out,,,,False
2194621508737,,,,,,,,False
7754164724008,,,,,,,,True
,,,,,,,IMEI_514151,True
,2600339835556,2023-01-27 10:37:55,,video_out,,,IMEI_812694,False
,,,,,,"50.3399,-149.7053",,False
5115229286601,,,,,,,,False
,,2023-06-04 02:51:41,,conference,CELL_447,,,False
,,,,,,,IMEI_570738,False
,7178497284051,2023-11-04 22:57:36,,,CELL_972,,,False
,,,,,CELL_776,,IMEI_958713,False
,,,,,,,,False
,,,,,,,,False
,,,2355,,CELL_285,,,False
5005037980572,,,,,,,IMEI_332162,False
,,,,voice_out,,,,False
,3392698502545,,,,CELL_446,"-20.2960,-109.9689",,False
,,,,voice_out,,,IMEI_250773,False
,,,2952,voice_in,,,,False
,,,,video_in,,"-61.2891,117.9833",,False
,,2023-09-01 14:09:29,,,,,,False
3118353969141,,,2147,,,,,True
,,,,,CELL_239,,,False
,,,361,,,,,False
,,,,conference,,"-41.6635,-3.1197",,False
,,,,voice_out,,,,False
,,,,,,,,False
,6968612505610,,,video_in,,"9.0426,81.5940",,False
,,,,video_out,,,,False
,,2023-07-02 08:59:03,,,CELL_701,"-49.4966,127.8765",,False
5072087588321,,,,,,,,True
,,2023-07-07 04:19:27,,,,,,False
,,,,,,"-15.2802,-176.9225",,False
,,,,,,,,False
,,,,voice_in,CELL_978,"-76.0228,126.7002",IMEI_624008,False
3532965314298,,,,video_out,,,,False
9158507495266,,2023-10-28 10:43:12,,,CELL_868,,IMEI_428018,False
,,,,,,,,False
,,,3201,,,,,False
7160336259075,,,3015,,,,,False
,,,,,,,,False
,,2023-07-15 08:07:06,85,,CELL_762,,,False
8082963851915,6026818398584,,,voice_out,,,,False
,,,1830,,,,,False
,,,,,,"21.2867,-87.0369",IMEI_991288,False
,,,,,,"-40.1070,62.8125",,False
8733568370025,5886443312090,,,video_in,,"-48.2878,-71.0741",,False
1681561872663,,,,,,"-62.7320,25.5954",,False
,,2023-12-28 07:30:40,,,,,,False
,,,,,,,,False
,,,,,,,,False
,,,424,,,,IMEI_256012,False
,,,2531,,,,IMEI_528359,False
2415320087950,,2023-07-21 03:51:29,3001,,,,,True
,,,,voice_in,,,,False
,,2023-12-01 03:00:57,,conference,,,,False
,,,,,,,,False
,7644777613939,,,,CELL_953,"15.2593,-121.4368",,False
,,,,,CELL_688,,,False
,,,,video_out,,"79.4847,45.5831",,False
3765413762781,1870801794618,2023-09-07 21:58:57,,video_out,,,,False
,2203283960559,2023-11-01 16:42:14,,,,,,False
,,,,,,,IMEI_559513,False
3074800691892,,,,,,,,False
2121054527506,,2023-04-12 23:50:30,,,,,,False
,,,,,,,,False
,,,,,,,,False
,4369757222820,,,,,,,False
,1829192210755,2023-06-28 12:46:13,,,,,,False
,,2023-08-21 15:33:24,,,,,IMEI_642751,False
,,2023-06-24 15:05:33,,,,,,False
,,,,video_in,,,,False
3932714467752,,2023-05-23 21:20:10,696,,,,,False
,,2023-08-17 00:16:40,1571,,,,,True
,,,,video_in,,"-26.1368,160.5889",,False
,,,327,,,,IMEI_630820,False
2940294086645,,2023-09-24 21:32:58,,,,,,True
,,,3412,,,,,False
,7033079424427,2023-09-06 11:15:16,,,CELL_558,,,False
6409404759228,3640577321556,,,,,,,False
,2754160434379,,,,,,,True
,,,1212,,,,IMEI_545961,False
,,,,,,,,False
,5385955550421,2023-01-18 20:24:54,,,,,,False
8266855793034,,,,,,"-47.9458,105.4398",,False
,,,,,,,IMEI_109559,False
,,2023-05-26 23:24:42,,,,"-48.3518,-100.3050",,False
,,2023-02-16 22:58:52,,video_in,,,IMEI_630602,False
,,2023-04-10 18:45:12,460,,,,,False
9289411873948,,,,,,,,False
,8714474338512,,,,,,,False
3863766551355,,2023-07-24 04:01:03,2555,video_in,,,,False
5259556963782,5639065231365,,,,,,,False
,,2023-07-13 17:27:49,1548,video_out,,"-63.1416,120.8691",IMEI_445811,False
,,,,,CELL_859,,,False
2264948157661,4662902925614,,,,,"-77.2713,71.7705",IMEI_809594,False
,,,2876,,,"44.4063,176.1463",IMEI_389905,False
,,,,,,"55.4337,129.3296",,False
,,,31,,,,,False
,,,,,,,,False
,,2023-07-04 11:31:38,2350,,,"-59.4316,66.1335",IMEI_602504,False
,7115391520512,,,,,,,False
,,2023-01-11 16:28:57,,,,,IMEI_276714,False
,,2023-07-25 20:31:44,,conference,,,IMEI_576340,False
,,,3550,,,,,False
5553316963115,1976888516189,,,,,,,False
5866970945805,,,,,,,,False
9733546708958,,,1660,video_out,,"-54.9906,82.3541",,False
,,,,,,,,False
,,2023-01-09 03:26:15,,,,"-39.9082,-78.5518",IMEI_785256,False
,5753548466319,,2162,voice_out,,,IMEI_956656,False
,4258449947393,,,,,,,False
,,2023-09-20 06:04:03,,,,,IMEI_769187,False
,,,,,,"-35.8330,-144.9744",,False
,6906820414817,,,,,,,False
,,,,,,,,False
,6699126595833,,,,,,,False
,,,,,,"-25.8013,100.4349",,False
3669448095169,,,480,voice_in,,,,True
,4469797999391,2023-12-06 01:05:27,,voice_in,,,,False
,,,,,,,,False
,,,,voice_in,,,,False
,3440169165602,,,,,,,False
,,2023-12-23 04:42:42,,,,,,False
,,,,conference,,,,False
,8504868434632,2023-12-26 19:47:42,,conference,,,,False
8484865344013,,2023-10-04 22:25:29,,,,,,False
6298397555022,3452705641936,,,conference,CELL_280,,,False
,9792867766966,,,,,"-80.2564,-12.5879",,False
3442310507628,,,2904,voice_out,,,IMEI_774966,False
3937147846080,,,1382,video_in,,,IMEI_523375,False
,,,,video_in,,,,False
,2908159111880,,,,,,,False
,7349790659622,,1776,,,,,False
,7205471679674,2023-12-27 10:46:17,,,CELL_837,,IMEI_501681,False
,,,,,,,,False
,7467255311815,,3561,voice_out,,,,True
,,2023-07-11 04:40:22,,,CELL_920,,,False
,,,,,CELL_702,,,False
,,,327,conference,,,IMEI_704210,False
,8300483172190,,1624,,,,IMEI_208083,False
,7057711786520,,,,,,,False
,3637723946084,,,conference,CELL_404,"-79.4047,61.4280",,False
,,,,conference,,,IMEI_143620,False
,,,,,,,,False
,,,1380,,,,IMEI_620234,False
,,,,,,,,False
4419652933976,,2023-06-05 20:00:18,2788,voice_out,,,,False
,,2023-02-08 23:45:15,,,,,IMEI_323617,False
,,,1579,,,"65.9098,74.8386",,False
,,,936,,,,,False
2812419104500,,2023-08-05 16:24:27,,,,,IMEI_797751,False
,,,,,,,,False
,,,,,,"71.8029,-158.2823",,False
,9489346679637,,421,voice_out,,,,False
4976077253242,7296255858135,,,,CELL_177,,,False
1936979769080,,,,,,,,False
,,2023-11-14 09:35:12,,,,,,False
,2778214512797,,,,CELL_425,,,False
,,,813,conference,,,,False
,,2023-08-02 08:11:46,2192,,,,,False
,,,2556,,,,IMEI_437830,False
,,,,,CELL_266,"-81.5013,-7.1188",,False
,2824371444906,,,,,,IMEI_916861,False
,,,1771,,,,,False
,,,,,,,IMEI_254671,False
5778949823524,,,,,,"11.0013,116.6504",,False
5818858567312,,,,,,,,False
,3316114819828,2023-09-14 11:06:51,,video_in,,"63.0885,-53.6834",,False
,,,,,CELL_992,,,False
,5394190843081,,1529,,CELL_914,,,False
,1625700878892,,,,CELL_150,"78.3076,53.7096",,False
,,,,,CELL_105,,,False
,7560605239682,2023-09-01 03:51:12,1291,,CELL_674,"-89.0795,-116.4742",IMEI_927606,True
,,2023-10-04 10:37:31,,video_in,,,IMEI_317159,False
5477704551069,,,,,,,,False
,,,,video_in,,,,False
,,,,,CELL_109,,,False
,,,1650,,CELL_568,"-43.3902,18.6574",,False
,,2023-08-26 17:17:59,,video_in,,,,False
,,,1537,,,,IMEI_623901,False
5075568157510,,,,,,,,False
,8078975392168,,,,,,,False
,,,,voice_in,,"14.9835,-21.9768",,True
9783998600067,,2023-07-31 00:21:31,,,,,,False
,,,,,,"58.6632,-154.5507",IMEI_630229,True
,,,,voice_in,,"79.5953,140.0232",,False
7786478158380,,2023-01-19 07:48:42,,,,,IMEI_983558,False
9053724180406,,,3186,,,"-60.7897,-26.0323",,False
1329540475114,1080025909239,,2410,,,,,False
2038712575672,,2023-04-13 14:34:45,,,,,,False
2460976718279,,,,,,,IMEI_900307,False
,4669757847757,,,conference,,,,False
,,,1738,,,"-75.3118,93.4194",,False
,,,,,,,,False
,,,,,CELL_288,,,False
,2499842077253,2023-07-15 18:38:21,,,,,,False
,1962679629108,,,,,"69.6480,170.3611",,False
5816751314367,,,2702,,,,,False
6458334882724,,2023-11-11 17:26:55,,,,,,False
,,,2811,voice_in,,,,False
,,,1396,,,"52.9014,-132.0351",IMEI_971223,False
,,,2070,,,,,False
,,,,,CELL_272,,,False
,,2023-01-10 10:08:12,,,,,,False
,,,,voice_in,,,,False
,,,,,,,,False
1638785079059,,,,,CELL_983,,,False
,,,2170,,,"5.1690,-168.1423",IMEI_199219,False
,,2023-12-15 09:22:57,,,,"-53.9829,28.2694",,False
,,2023-12-29 23:33:43,,,,,,False
5089966296735,,,,voice_out,,,IMEI_444918,False
5614331834917,9617514970872,,,,,,,False
1051661859031,,,,,,,,False
,,2023-08-21 05:11:47,,,,,,False
,,2023-01-28 16:32:44,,,,"-61.1533,-23.7874",,False
,9542706886581,,330,,CELL_330,,,False
,,,,,,,,False
4518559575383,,,,,,,,False
,,2023-04-19 14:23:06,,,,,IMEI_809487,True
7466353129069,6808733889835,,,voice_out,,,,False
,,,,,,"-44.3969,4.6929",IMEI_934683,False
7419590122085,,2023-01-29 15:28:02,,,,,,False
,,,2995,,CELL_510,,IMEI_422078,False
,,,1063,video_in,,,,False
,,2023-02-27 18:36:40,,,,,IMEI_224690,False
8735090866156,,2023-10-31 03:27:59,1040,,,"63.7359,-111.6305",,False
,,2023-02-02 14:57:14,,,,,,True
,,2023-06-01 18:19:31,,video_out,,,,False
7436533932455,,,,video_in,CELL_947,,,True
,,,,,,"41.4807,105.8351",,False
,,,136,,,,,False
,,2023-01-31 21:59:02,,,,,IMEI_318761,False
6357726014537,,2023-12-13 03:41:59,,,,,,False
,,,,,,,,False
,,,,video_out,,,,False
,2928824894232,,,,,,IMEI_947430,False
,,,,,,,IMEI_179112,False
,,2023-02-26 09:34:50,,,,,IMEI_942203,False
,,,,,,"-82.5555,20.4555",IMEI_213266,False
,,2023-01-16 17:56:34,,conference,,"58.5570,19.1000",,False
5849496383769,,,,,,,,False
,,2023-03-29 06:02:35,3100,,,,IMEI_113436,False
,,,,,,"52.7244,-27.1131",IMEI_748323,False
3844804801619,,,,voice_out,CELL_496,"43.1296,-21.9564",,False
,6521966689913,,,,,,,False
,,2023-04-05 11:58:57,2151,,,,,False
7838010908358,,,1409,,,"72.6601,105.3882",,False
,,,,,,,IMEI_238805,False
,,2023-03-06 05:15:04,,,,"-21.6083,-22.1141",,False
,,2023-09-24 02:19:06,231,,,,,False
,,,,,,,,False
,1252711541643,,,,CELL_187,,,False
,,,,,,,,False
,7926289826380,2023-03-05 16:00:13,,,,"-61.4555,80.6618",,False
,,,,,,"10.2435,113.7376",,False
,9933092646409,,,,,,,False
,,,886,,,,,False
9260132850884,,,,,,,IMEI_855443,False
,,,666,,,,IMEI_881820,False
6361631907815,,,,voice_in,,,IMEI_571384,False
3189610961980,,,,,,,,False
2141767381373,4538199520934,,1419,conference,,,,False
,3038043306583,,,video_in,,,IMEI_560662,False
,,,,,,,,True
,1762141788468,,,video_in,,,,False
8611950639178,9232867029642,,3476,,,,,False
,,2023-10-15 16:44:39,478,,,,,False
,9046998978069,,,video_out,,,IMEI_863944,False
,,,,,,,,False
1595859468602,,2023-01-13 07:58:33,,,,,,False
3440348080106,3708822961778,,,,CELL_906,,,False
,,,3539,video_in,,"41.3709,146.7697",,False
1351854637580,,2023-10-15 05:03:01,,,CELL_704,"-49.4314,58.7699",IMEI_943607,False
4869595712558,8861838173767,,,conference,CELL_639,,,False
,,2023-03-24 02:04:28,,voice_out,,,,False
,,,,,,,IMEI_648682,False
,4553341617790,,,video_in,,,,False
8220891195333,2802570131571,2023-09-29 07:22:58,1429,voice_in,,"47.0584,79.2251",,False
,4640396164360,2023-05-15 21:27:49,,,CELL_727,,,True
,,,1305,,CELL_306,,,False
,,,2278,,,,,False
9933636711104,,,266,,,"-80.9825,58.7988",,False
,,,,,,,IMEI_598663,False
,,,,,,"7.4973,-116.6560",,False
,9002949381563,,401,,,"-72.4782,42.7730",,False
,,2023-08-27 19:06:04,,,,,,False
,3857252005870,,,,,,,False
,,2023-09-16 07:53:12,,,CELL_417,,,False
,9129809380661,2023-11-01 20:14:53,256,video_in,CELL_339,,,False
7358011092796,,,1640,,,,,False
,5817889365316,,3053,,,,IMEI_967356,False
,,2023-04-07 02:24:45,,voice_in,CELL_726,"-29.1366,-30.6886",,False
,,2023-05-28 05:12:36,3456,,,,,False
5133046145719,4328000283061,,,conference,,,IMEI_111495,False
,,,,,CELL_187,"-48.8258,167.9169",IMEI_359878,False
8023071303514,,,,video_in,CELL_232,,,False
,,,862,,,"46.9682,162.0261",,False
,1466517614940,,,,,,,False
,,,,,CELL_499,,IMEI_723661,False
,3103682281734,2023-06-26 09:38:54,,,,,,False
,5738243179425,,,,,,,False
,,,2705,,,,,False
,,2023-06-17 12:15:46,,,,,,False
1201458742756,,,,voice_in,,"-8.9899,149.2867",,False
,,2023-09-30 22:23:42,,video_out,CELL_393,,,False
6250490107688,,,,,,"0.5088,161.2574",IMEI_997148,False
,6689896690611,,,,,"-5.8615,118.3132",,False
,1579155217393,,1759,,,,,False
,,,,,CELL_129,,,False
,,,,video_in,,,,False
,8394061237233,,,conference,,,,False
,,,2008,,,,IMEI_275678,False
,,2023-01-06 12:19:50,1823,,,,,False
,,2023-02-11 18:39:31,598,,,,,False
,,,,,,,IMEI_210074,False
1368721017669,,,,,,,IMEI_759319,False
,,,,,CELL_235,"22.0859,147.0548",,False
,,,,,,,,False
,,2023-10-20 12:04:46,662,,,"38.3638,11.1571",,False
,,,1761,video_in,,"57.3432,56.3306",,False
,,2023-08-30 00:21:44,,,CELL_589,,,False
7856119881355,8519161353487,,,,CELL_591,,,False
5381128987246,,,,,,,IMEI_618534,False
2562195771408,,,3230,,,,,False
,,,2545,,,"12.4796,-160.4401",,False
,5041098048996,,,,,"-31.9992,62.2211",,False
6377787649250,,,,video_in,,"-33.9438,-160.3598",IMEI_662746,False
5999645334951,,,1752,conference,,,,False
,,2023-09-09 16:40:01,,,,,,False
,,,388,,CELL_566,,,False
,,2023-11-03 09:31:49,2884,,,,IMEI_241271,False
,,,,,,,,False
,9791121833754,,,voice_in,,,,False
,,,3140,conference,,,IMEI_806760,False
,,2023-06-04 15:19:44,,voice_in,CELL_288,,,False
9904925449947,,,,,,,IMEI_581371,False
1428962226944,,2023-12-09 12:15:55,2843,,,,IMEI_906462,True
,5150397096403,2023-02-25 23:30:38,,voice_in,,,,False
4166744719227,5038717215658,,,,,,,False
,6630723828318,,,,,,,False
,,,,voice_out,,,,False
,6886725982490,2023-04-11 08:22:47,,video_out,CELL_426,,,True
,,2023-03-11 14:54:57,,conference,,"-64.5164,-91.1341",,False
5327864449518,,,,,,"-29.1967,169.2716",,False
8470959255947,,,1930,,,,,False
,,,,video_out,,,,False
,,,,,,,,False
,,,,,,,,False
6338819640899,,,,video_in,,,,False
2051826799722,9963903950076,,,,,,,False
,,2023-09-04 02:41:15,,,,,,False
,,,,,CELL_936,,,False
,,2023-07-25 15:14:48,,,,,,False
,,,1400,,,,IMEI_771133,False
,,,,,,,,False
6419496059926,,,,,,,,False
,,,,,CELL_772,"-12.1694,-138.8083",IMEI_514780,False
,,,,,CELL_791,,,False
,,2023-09-04 19:22:59,,,,,,False
,,,,,,"-20.4741,-163.8878",,False
,,,,video_in,,,,False
,2376787298223,,,,CELL_882,,,False
,2852568968297,,,,,"38.4965,-168.3347",IMEI_730749,False
2363622609453,,2023-09-13 02:06:49,1905,,,,,True
,7336436765912,,,,,,,False
,1013038723261,,,video_in,,,,False
,8412663513119,,,,,,IMEI_151894,False
,,,,,,,IMEI_606446,False
4043971529715,,,,video_out,,,,False
9982223269556,,,,voice_in,CELL_837,,,False
8245524310760,,,,,,"38.2779,-155.4861",,False
1580557050070,9459006240713,,,voice_out,CELL_219,"53.2793,-164.9305",IMEI_553785,False
,,,,video_in,CELL_689,,,False
,,,,,,,,False
,2067728622114,,,,CELL_620,"-10.2304,-92.7561",,False
6753376075926,,,472,,,,,False
,,,2247,,,,IMEI_624251,True
,,,,,CELL_276,,,False
,,,,,,,,False
,,,1019,video_out,CELL_968,,,False
,,,,,,,,True
,,,,,CELL_545,,,False
,,,,,,,,False
,,,2600,,,,IMEI_788777,False
,,2023-02-22 05:30:14,,,,,,False
9694115892529,,,,,,,,False
,3099905984828,,,,,,IMEI_153526,False
,,2023-08-23 14:55:31,,,,,,False
,,,,,,,,False
,,,,conference,,,,True
7212746509987,,2023-12-02 09:28:29,,,,"3.6220,59.2398",,False
6419037463597,9206551108765,,,,,,,False
,,,,voice_out,,,IMEI_345245,False
,,,,conference,,,IMEI_850563,False
,,,,,,,IMEI_347489,False
,,,,,,,,False
,1650813471868,,2137,,,,,False
,,,,voice_in,,,,False
,,,,,,,IMEI_797423,False
,3274300731942,,,conference,,,IMEI_822656,False
,,,,,,,IMEI_832908,False
6725892574320,,,1256,,,,,False
,,,2006,,,,IMEI_786447,False
,,2023-06-24 16:18:04,1392,,CELL_897,,IMEI_152221,False
5574606715871,,,,,CELL_284,"-14.3468,-19.8559",,False
,,,,,,,IMEI_229556,False
,,,,,,"-80.2042,168.5660",IMEI_288941,False
,,,,,CELL_358,,,False
,,2023-12-24 22:29:21,,,,,IMEI_720825,False
,,,287,,CELL_532,,IMEI_866267,False
,6528772654001,,,,CELL_586,,,False
3270706168144,5208710478114,2023-07-03 08:55:41,,,CELL_690,,,False
,,,,,CELL_797,,,False
1991318440217,,,,,,"8.0444,-104.2341",,False
,,2023-06-27 06:31:35,2871,,,,,False
,,,,,,"50.5606,109.7256",,False
,9945392897675,,,,,,,False
,,,,,,,,False
,1097484574613,,,,,,,False
,,2023-10-13 13:56:27,,video_out,CELL_326,,,False
6949534575764,8967849993184,,,,,,,False
,,,,video_out,,,,False
4475749928189,,,,voice_in,CELL_315,,,False
,,,,,,,,False
6224865352624,1171496145568,,2180,,,"32.3369,168.1363",,False
,,2023-08-23 21:41:52,,,,,,False
,,2023-05-28 22:52:01,,,,,,False
,4978766792375,,,conference,,"-67.2165,-156.1434",,False
,,2023-01-20 21:42:04,,,,,,False
,7868323668972,2023-03-28 01:51:28,1402,,,,,True
,6057174236534,,,,,"19.7848,-118.4157",,False
9842951539987,,,,,,"-19.3101,70.4522",IMEI_526520,False
,,,,,,,,False
,,2023-11-21 02:40:44,,,,,,False
6769364440314,8072584231020,,,,,"71.7919,-65.7774",IMEI_119509,False
,,,622,,,,IMEI_462546,False
1494761865428,,,,,CELL_886,"-16.7029,-172.9315",,False
,,,,voice_out,,,,False
,,2023-12-30 10:35:15,,,CELL_254,,IMEI_205488,False
,,,1657,,CELL_608,,,False
,,,,,CELL_580,,,False
,,,,video_out,,,,False
,,,,,,,,False
9568823767285,,,,video_out,,,,False
8083681039334,,,3152,voice_in,CELL_679,,,False
,,,1298,video_out,,"43.6772,28.8269",IMEI_566127,False
,,,,,,,IMEI_295640,False
,,,,video_in,,"-18.3951,96.8108",,False
4489446750795,,,,,,,,False
,,2023-08-30 08:27:28,3048,,,"84.1149,-91.9598",,False
,,2023-06-04 07:55:45,,conference,,,,False
,,,,voice_in,,,,False
,,2023-02-25 02:44:02,,,,"-49.0570,-171.4545",,False
,,,,,,,,False
,6269229750144,2023-03-15 02:06:24,,,,,,False
,7732474963947,,,conference,CELL_435,,,False
,,,,,,,,False
,,,,,,,,False
,2489727067301,2023-11-25 13:19:16,,,,"23.2260,15.8026",,False
5878331539677,,2023-07-31 23:30:04,,,,,,False
,,,,,,,IMEI_926754,True
7506110707797,,,2481,video_in,,,,False
,,,2620,,CELL_135,,IMEI_645192,False
,,,,,CELL_162,,,False
,1216752384947,,1014,voice_out,,,,False
,,2023-12-09 22:39:21,482,,,,,False
,,,,,CELL_194,,,False
,5628996444136,,,,,,,False
,1752620522169,,,,,"10.8892,-116.9155",,False
9740881818387,,,,,CELL_437,,IMEI_526742,False
,,,1375,,,"-11.7095,-134.9966",,False
,,,,,,,,False
,,2023-04-22 08:51:09,1262,,,"35.2618,-29.7028",,False
,8081424768481,,,video_out,,,,False
,3991862299909,2023-12-27 08:41:46,,,,,,False
7470492870161,7720523144362,,,conference,,,,False
9313369009678,,,215,,,,,False
3477048533991,9588453436801,,,conference,,,IMEI_481010,False
,3627954412146,,,,,,,False
7448579601802,6358809663250,,,,,,,False
,,2023-12-17 16:25:09,,,,,IMEI_372979,False
,4750391902173,2023-11-16 05:18:42,,,,,,False
,,,,,,,IMEI_960291,False
,6903022395418,2023-11-25 02:55:05,,,,,IMEI_627948,False
,,2023-11-12 00:47:40,,,,"88.7525,-172.9166",,False
,2578789602160,,,,,"4.2073,5.9671",,False
,,,,,,,,False
,,2023-08-01 04:12:23,,,,,,False
,,,946,,,"61.6047,-131.5704",,False
,,,748,,CELL_644,,,False
,,,1946,voice_in,,"19.8495,101.5847",,False
,,2023-05-09 20:40:24,,,,,IMEI_997327,False
3568366718113,,,,,CELL_396,,IMEI_986317,False
,,2023-08-22 15:56:11,,video_in,,,,False
,,,,,,,,False
,,2023-09-22 17:59:28,,,CELL_238,,,False
,7618072456345,,,,,,IMEI_696697,False
,3031506566922,,,,,"65.2882,3.5333",,False
,,2023-09-06 11:15:13,,voice_in,,,IMEI_654525,False
,,,,,CELL_637,,,False
,,,,,,,,False
,,,1525,,CELL_458,"35.4133,123.5120",IMEI_472602,False
,,,2362,,CELL_392,,,False
,,,,,CELL_153,,,False
,,,,,,,,False
7304542111259,,,,video_out,,"30.7303,-62.2838",,False
,,2023-04-01 18:37:31,,,,,,True
,7072732242517,,847,voice_out,,,IMEI_649115,False
3157235583076,,2023-06-02 05:45:40,3546,,,,,False
6431072141573,2583471704160,,,,CELL_497,,,False
,,,,,,,,False
,,2023-12-16 09:19:10,423,,,,,False
3937268321438,,2023-01-28 04:57:17,,,CELL_363,,,False
,7994469765454,2023-10-01 07:40:58,,,,,IMEI_871124,False
3314349046965,,,2779,video_in,,"-10.7530,23.4945",,False
,,,458,,,,,False
,2402925893268,2023-02-05 02:44:03,,,,,,False
1619447707559,,,,,CELL_860,,,False
,,2023-08-10 00:39:17,,,,,,False
,2750216839145,,,,,"82.4869,-119.3684",IMEI_626753,False
,9875444694630,,,video_in,CELL_398,"62.9805,-57.4583",,False
,2585874834405,,,,,,IMEI_331549,False
,,,,,,"80.9308,71.0824",,False
,,2023-06-29 13:10:08,,,,,,False
1255288986687,,,,,,,,False
,2135149954370,2023-01-24 10:43:00,,,,,,False
5278735637656,,2023-10-21 12:52:21,,,CELL_246,,,False
,,,,voice_out,,,,False
,6889585662106,,,,CELL_278,,IMEI_200364,False
4030550660012,,2023-01-17 07:47:14,736,,,,IMEI_458192,False
,,2023-08-29 19:43:02,,conference,CELL_931,,IMEI_551754,False
,,,130,,CELL_488,,IMEI_699229,False
7716122830117,3193083883310,,,,CELL_704,,,True
,,,,,CELL_901,"-66.7608,-85.6977",,False
,,,,,,,IMEI_613657,False
,,2023-11-22 01:46:33,,,,,,False
,,,2401,,,,IMEI_300259,False
,,2023-01-17 05:11:07,,,CELL_189,,,False
,,,903,voice_in,,,,True
,,,,video_out,,,,False
,,,,conference,CELL_904,,IMEI_858663,False
,9935756174498,,,video_out,,"-33.0311,-76.4245",IMEI_531836,False
,7792945865030,,,voice_out,,"32.5341,-11.5656",,False
,,,,,,"-23.8156,30.7541",,False
,3883412655692,,,,,,IMEI_618982,False
5802682015559,,,,,,,,False
2221736331279,,,,,,,IMEI_767494,False
,,,,,,"10.6969,-170.0225",,False
,,,,,,,IMEI_846224,False
9151090160006,6410560735849,2023-08-15 11:25:01,3218,,,,,False
,3298326943812,2023-02-06 12:34:08,,voice_out,,,IMEI_875423,False
,1585777375864,,,,CELL_417,,,False
1180509055179,,,,,CELL_471,,,False
,,,1629,,,"86.6222,46.0939",,True
8248593514402,,,,,,,,False
3786273735880,7049914183122,,,,,,,False
2263380318677,,2023-06-16 08:40:33,1524,voice_in,,,,False
9679117648832,1707976755552,,1034,,,,,False
,,,339,,,,,False
,2783750799903,,,video_out,,,,False
,,,3562,,,,,False
4070429789094,,,,,,,IMEI_510309,False
,,2023-05-31 11:30:09,,video_in,,,IMEI_311401,False
,,2023-10-28 11:43:30,2087,,,,,False
,2736566948496,,,voice_out,,,,False
,,2023-04-11 13:30:01,2776,,,,,False
,7324943576966,,,,,,,False
8126241990558,,,,voice_in,,,IMEI_183680,False
,,,,,,,,False
,,2023-10-13 20:04:34,884,,,,,False
,,2023-10-18 03:43:03,,,,,IMEI_909618,False
1155296137435,,,3216,,CELL_436,"-15.5418,-135.5515",IMEI_875452,False
9291265135952,4551026156326,,,,,"57.1616,3.5784",,False
,5361596518923,2023-04-04 23:00:57,,,CELL_560,,,False
,5509373447028,2023-03-26 18:44:51,,voice_in,,"9.0475,-75.3945",,False
3300383635706,,,,,,,,False
9151214244647,,,515,video_out,,,IMEI_331654,False
,,2023-03-26 05:36:10,,,,,IMEI_164534,False
,4987057892305,2023-06-26 22:46:15,,,CELL_719,,,False
,,,,,,,,False
,,,,,,,,False
,5781702995001,,2709,,,,,False
,,,,,,,IMEI_178826,False
,,2023-01-02 14:29:30,,video_in,,,,False
,,,,,,"-76.6540,-103.1582",,False
6974242688051,,,,,,,,False
,,2023-12-13 04:14:26,,,,,,False
,,2023-03-11 20:27:24,666,,,,IMEI_572098,True
,,,1670,,,,IMEI_629781,False
,,,,voice_out,,"34.9028,-53.3122",,False
,,,349,,,,IMEI_338736,False
,3374953892238,,,,,,,False
,4786562481464,2023-10-26 22:55:34,,,,"-15.5884,73.2433",,False
,8146750485983,2023-09-05 19:12:57,,voice_in,,,IMEI_271476,False
,,,2091,voice_out,,"-76.5217,-124.4719",,False
,,2023-01-13 04:35:09,,,CELL_925,,,False
,,2023-12-11 14:45:16,3219,,,"-11.5745,147.5708",,False
,,,,,,,IMEI_501215,True
,7548798170318,,,,,,IMEI_933969,False
,,,2625,,,"56.1486,-158.1472",IMEI_183658,False
,,,2069,,,,,False
,,,,,,,IMEI_583119,False
2814984736886,,,,,CELL_669,,,False
,,,,,,"63.5545,52.1098",IMEI_725975,False
7503205530657,,,,video_in,,,,False
9264080682345,,,164,,,,,False
,,,,voice_out,,,,False
,,,,,,,,False
5827807277426,,,,,CELL_124,,,False
,,,270,,,,IMEI_139736,False
,,,,,,,,False
,,,,,,,,False
,8400579814283,,,,,"-83.2831,-70.5044",IMEI_344962,False
,3634254516522,,,,,,,False
,,,,,,,,False
,,,,,,,,False
,,,,,,,,False
,,,,,,"-83.0660,20.1983",,False
,6228564597670,,,voice_out,CELL_701,,,False
,3669923802632,2023-09-17 02:32:04,,conference,,,,False
,,2023-09-22 23:43:23,,,,,,False
,,,1802,voice_out,,"85.2362,-169.1962",,False
,,2023-11-15 22:09:57,,voice_in,,"68.9663,160.5155",IMEI_209536,False
4557171480027,,,,,,,,False
,5890321176763,,,,,,,False
,,2023-11-19 11:08:38,,,,,,True
,,,,video_out,,,,False
1941442893307,,2023-06-09 17:37:09,,,,,,False
3893199773637,,,1783,conference,,,,False
,,2023-08-28 13:28:24,,,,"-71.1025,179.7025",,False
,6141831075335,,,,,,,False
,,,,,,,,False
,,,467,,CELL_311,,,False
6883662886400,5580779494481,,,,CELL_279,,,False
,3365763541097,,,,,"8.3713,151.8038",,False
6897838010983,8243960250471,,,,CELL_274,,,False
,,,320,,CELL_569,"-14.3856,52.0588",,False
,,,,,CELL_761,,,False
,7356925755529,,,voice_in,,,,False
8446027317915,,,1605,video_out,,,,False
,,,,,,,,True
4442130497762,,,,,CELL_841,"-69.7394,136.6956",,False
,,,3203,,,,,False
,,,,,,,,False
6334155776488,,,,,CELL_215,"-73.9344,-54.5727",,False
,4917442851768,,,,,"-84.5509,-108.0742",,False
1360026479129,2761263790119,,2568,,,"-40.8740,3.8214",,False
,,,,,,,,True
9939566058946,,,,video_in,CELL_524,,IMEI_139469,False
,,,,,,,IMEI_919753,True
,,,,,,,IMEI_429853,False
6043631658224,,,,video_in,,,,False
,,,,,CELL_837,,,False
,8734077939693,,,video_out,,,,False
,,,,,CELL_911,,,False
,8803836536319,2023-06-03 16:03:19,,,,"-74.2399,22.3665",,False
3495295013148,,,,,,,,False
,,,,,,,,False
,,,,,,"-62.2444,-54.3796",,False
,1432030782410,2023-02-15 23:23:35,,,,"-1.4750,-47.8598",,False
,,,,,,"48.8288,-52.3379",,False
,6074390349339,,,,,,,False
,,2023-10-14 09:38:12,,video_out,,,,True
2805427998375,,2023-12-25 09:10:09,1003,,,,,False
,,,,,,,,False
,6277231078444,,,,CELL_961,"62.3779,-110.3030",,False
,4737086261671,,3434,,,,,False
,4837378046043,,,voice_out,CELL_362,,IMEI_214937,False
,,,1120,,,,IMEI_542525,False
8160807290665,,,,,,,IMEI_599197,False
4326973916435,,,74,,,,,False
,2124759272000,,2366,,,"27.7807,-0.6423",,False
7246958780252,,2023-10-20 17:44:03,,,,,IMEI_869611,False
,9700831251152,2023-06-14 13:38:42,,,,,IMEI_627250,False
,,,2689,,,,,False
,7765013089475,,2165,,,"53.9609,145.7527",IMEI_584451,False
,,,1254,,,"-13.1298,142.8493",IMEI_838164,False
,,2023-06-14 17:58:35,,,CELL_971,,,False
5924629278940,,2023-07-07 02:59:55,,,,,IMEI_877140,False
,,,,video_in,,,,True
3028057150116,,,,voice_out,CELL_991,,IMEI_232306,False
,,,915,,,,,False
,,,,,,"-68.3078,-36.8405",,False
,1069637122914,2023-08-14 14:12:33,,,,,,False
,,2023-11-29 11:53:58,,,,,,False
2440061629916,,,,,,,,False
,,,,,CELL_757,,,False
,,,,voice_in,,"-1.9428,-82.0502",,False
3156622238361,,,,,,,,False
,,,,,,,IMEI_878140,False
,,,1955,,,"-61.7631,-140.8250",,False
,,,,,,"-22.4862,-77.6939",,False
,,,,,CELL_345,,,False
,,,,,,,,False
4092418585261,,2023-04-24 23:40:29,,,,,,False
,8811703276354,2023-01-13 00:18:53,,,,,,False
5722780448542,,,,,,"35.3641,-53.2092",,False
,,,,,CELL_667,"30.8349,117.8788",,False
,,,,,CELL_455,,IMEI_972192,False
,,,,,CELL_898,,,False
,5609945354595,,2029,,,,,False
,7500896697191,2023-07-20 13:50:31,,voice_in,,,,False
7312516146613,,2023-03-26 13:41:41,698,voice_out,,,,False
,1900220847467,2023-12-01 14:29:04,,,,,,False
,,2023-01-25 04:26:04,,,CELL_259,,,False
7684648295579,,,2377,conference,,"5.0604,73.5049",IMEI_282499,False
,,2023-08-23 12:49:14,,voice_in,,"64.8252,-62.6943",,False
,2287463440644,2023-02-28 05:02:05,,,CELL_472,,IMEI_555997,False
9745484277935,,2023-01-31 08:23:13,,,,,,False
,,,,,,,IMEI_257376,False
2192672294815,,,429,,,,IMEI_224943,False
,,,,voice_in,CELL_957,,IMEI_263031,False
,8468483178395,2023-08-15 02:38:03,,,,,,False
,5989904367847,2023-11-29 07:06:34,,,CELL_796,,,False
,,,,,CELL_537,"2.8921,158.5578",IMEI_595436,True
,,,700,,CELL_974,,,False
,,,591,video_out,,,IMEI_935797,False
,,,,,,"62.2546,8.1526",IMEI_255577,False
,,,,video_in,,,,False
,,,,,,,IMEI_169390,False
2580746467757,,,,,,"67.8690,-124.3368",,False
,,2023-01-07 21:13:26,,,,,,True
,,,,video_in,CELL_375,"-84.3621,-119.9725",,False
,,,,,CELL_851,"48.8596,132.0550",,False
,,2023-09-26 11:22:00,,,,,IMEI_262677,False
2589043401025,,2023-12-17 05:58:46,,,CELL_725,,,True
,,,,,,,,False
,,,,,,,,False
9377461176558,,,,,,"42.4806,64.4579",,False
,,,,,,"83.5910,65.1383",IMEI_815306,False
2379446245524,4210066667676,,,,,"-4.8653,-126.4381",,False
,,,1829,voice_in,,,,False
6303629538467,5491669923196,2023-02-27 02:52:48,,,CELL_580,"39.3949,-103.7951",,False
1579647691719,,,,,,,IMEI_931268,False
8042144336629,6557768327716,,1652,,,,,False
,,2023-02-20 22:47:50,,,,,,False
7048486920105,,2023-03-01 21:49:57,,,,,IMEI_703217,False
1656426987853,,2023-10-15 12:15:29,2616,,,,,False
,,,,video_out,,"-80.9715,-27.6727",,False
,,,2599,,,,,False
1228976184018,,2023-04-14 14:46:03,,,CELL_596,"-38.3967,172.3442",,False
8018687319698,,,,voice_out,,,,False
,,,,voice_out,,,,False
,,,,,,,,True
,,,,,,"-33.6386,33.3440",,False
,,,,voice_out,,,IMEI_628598,False
2584765098772,,,,,,,IMEI_385241,False
,4267184453726,,,,CELL_243,,,False
,,,,,,,,False
,,2023-06-10 07:37:19,,,CELL_439,"-73.1698,-145.0855",,False
,2195687530696,,,voice_out,,,,False
6935003629405,,,540,,,,IMEI_523102,False
,6162786365048,2023-06-10 09:52:45,,,,"-22.2860,-114.4238",,False
,,,859,,,,,False
7338243654286,,,771,,CELL_760,,,False
1995547572209,,,2098,voice_out,CELL_759,"-76.1680,13.1421",,False
6468788010071,2248010052942,,,,,,IMEI_402844,False
,,2023-07-09 16:17:40,622,,CELL_186,,,False
,,,,,,,,True
9222035159406,,,691,,,"-9.5815,-174.5124",,False
,1663335289487,,,,,,IMEI_307102,False
,6190481564321,2023-04-14 05:33:35,,voice_in,CELL_788,,,False
,,2023-05-31 23:46:42,,,CELL_594,,,False
2282332511471,,,,,,,,False
,,2023-03-15 17:48:53,,,,,,False
,,2023-06-23 20:26:02,149,,CELL_100,,,False
,,,98,,CELL_925,,,False
,8351652551645,,,,,"60.3856,157.8020",,False
,,,,,,,,False
5275451001685,,,,video_in,,,,False
,,,,,CELL_551,,,False
,8460612033520,,6,,,,,True
,8894424541209,,1085,video_out,CELL_578,,IMEI_101479,False
9776590854880,,2023-03-01 17:26:54,,,,,,False
,,,,voice_out,CELL_188,,,False
,4558546575929,,,voice_out,,,,False
,,,,conference,,,,False
8362774183965,9855980132960,,699,,,,,False
,,,,,,,,False
,9284355652430,,,voice_in,,,IMEI_324778,False
,,,339,voice_out,,,,False
4435441547775,,,,video_in,,,IMEI_309713,False
,,,,,,,,False
,4326425010459,,,voice_out,,,,False
9346276021590,,,,,CELL_427,,,False
,,,1255,,,"63.8367,-48.1563",,False
,4453807535619,,,,,"8.7567,46.0193",,False
,,,,,,,IMEI_785574,False
,,2023-06-09 10:19:48,,,,,,False
,,,,voice_in,,,,False
,9182944180336,,,,,,,False
1040866026420,6762473299552,,,,,,,False
1764419768123,3867015137057,,906,,,,IMEI_539308,False
,,,,,,,,False
,3610683482396,,,,,,,False
,9661873472033,2023-12-08 17:58:40,,,CELL_555,,IMEI_918904,True
8826397789099,,,2629,,CELL_353,,,False
,9927759892961,,,,,,,False
,,,,,,,,False
,,,1434,,,,,False
,,,,,CELL_723,,,False
,9655303734045,,,video_in,,,,False
,,,,,,,IMEI_497803,False
3988525603592,3133531573857,,,,CELL_860,"55.0568,49.7805",,False
,,,,,CELL_580,"87.9516,130.6615",IMEI_157070,False
,,,,,,"25.6022,-154.2610",,False
,,2023-12-14 03:37:32,,voice_in,,,IMEI_138345,False
,,,298,,,"82.9642,39.0194",,False
,2256647195768,,,,,,,False
,7644740689963,,,,,,,False
6655996940780,,2023-12-10 19:59:09,,voice_in,CELL_818,,,True
1248817840332,,,,,,,,False
,,,,video_out,,,IMEI_587539,False
3372337571878,,,,,,,,False
3383358604248,5082160570001,2023-07-21 17:45:24,,,CELL_318,"43.5703,-22.8732",,False
,,,,,,"-42.7327,82.7189",,False
,,,,voice_out,CELL_708,,,False
,,,,,,,IMEI_829548,False
,,,,,CELL_783,,IMEI_104881,False
,,2023-01-19 19:31:16,,,,,IMEI_583454,False
,8661520999487,2023-05-11 19:27:05,,video_out,,"8.6148,-156.4013",,False
,8762907520514,2023-03-24 05:35:37,,,CELL_126,,,True
,,,,,CELL_237,"77.6530,-175.3600",,False
,9496215504705,,,video_out,,,IMEI_699939,False
,,,,,,"10.4127,-148.0832",IMEI_197229,False
,,2023-03-27 12:26:16,,,CELL_228,"46.3425,54.3683",,False
,6600684271228,,,,CELL_704,,,False
,,2023-12-30 02:34:05,,voice_out,,,,False
5133528416716,,,,,,,IMEI_988883,False
,,2023-02-05 08:39:43,841,,CELL_594,,,False
,3515145370466,2023-07-27 04:05:11,3567,,,,IMEI_540842,False
,,,,video_out,CELL_922,"-3.6737,-12.9582",IMEI_340548,False
5641830489187,,,,voice_in,,,,False
,,,2934,,CELL_602,,,False
5016172609957,,,,,,,,False
,,,,voice_out,,,IMEI_133906,False
7756662395293,,,2141,,,"-23.2815,-87.2819",IMEI_685789,False
,,,,,CELL_986,,,False
,,2023-11-06 06:01:44,3124,conference,,,IMEI_184514,False
6210748611782,,,3268,voice_in,CELL_217,"-26.5247,-163.8166",,False
,,,,,,,,False
,,,,,,,,False
,,,,,,,IMEI_484340,False
,,,,,,,,True
,,2023-10-03 21:15:25,,,CELL_723,,,False
2678303834435,3608047125783,,,voice_out,,,IMEI_946794,False
,,,,,,,,False
,,,,voice_out,,"35.1895,-106.1011",,True
,,,1970,,,,,True
,,,,voice_out,,,,False
,,2023-06-06 05:13:59,,,,,,False
,,,,,CELL_945,,IMEI_861683,False
,,,,,,,,False
,5950474609425,2023-12-23 20:49:05,3059,,,,,False
2279354818960,7785394472374,,,,,,,False
,,2023-05-05 03:07:22,,,,"59.3797,-29.5421",,False
,,2023-09-26 09:44:49,,,,,,False
,,,,voice_out,,,,False
,,,,,,,,False
,5321653268558,,,conference,CELL_577,,,False
8973043224288,6941798349229,,,,CELL_389,,,False
,,,,,,,,False
,7501096177747,,,,,,,False
,,2023-02-12 06:23:31,,,CELL_491,,,False
5820464570133,,,,,,,IMEI_790005,False
,,,,,,,IMEI_407060,False
,,,,,,,,False
,,,,conference,,"-9.3550,-129.6720",,False
7442781004427,,2023-08-01 00:39:47,,,,,,False
,,2023-05-27 15:09:53,,,,,,False
,1099297377896,2023-08-07 11:49:47,,,,,,False
,,2023-02-25 22:42:06,1259,video_in,,,,False
8881294110768,,,,,,,,False
7460428927277,,,,video_out,,,,False
,,,,,,,,False
8572383000310,,,2813,,,,,True
2262974484249,,,,,,,,True
,8304719835194,,,video_out,,,,False
6152102557988,,,,video_out,,,IMEI_492905,False
,,2023-04-06 01:25:00,,,CELL_547,,,False
,5798883018527,2023-02-09 12:01:09,,video_in,,,,False
4099171220741,7044205051840,,2750,,,,,False
,3687138107203,,1466,,,,,False
,,,103,conference,CELL_230,,,False
8788057199426,8808769665754,,,,,,,False
,3867947025646,,3442,,,"17.4716,-146.2618",,False
,,,,video_in,,"28.6754,137.5833",,False
,,,,,,,,False
,,,,,,,,False
5437489124965,,,,,,,,False
,1414441096648,,,,,,IMEI_892787,False
,7353269214218,,1720,,,,,False
,,2023-11-29 21:48:34,,,CELL_406,,,False
,,,,,,"-85.6533,119.8840",,False
,1405993709863,2023-06-21 01:07:48,1326,video_out,,,,False
,4109990537364,,,,CELL_376,,,False
9689909532411,2778221576934,2023-07-29 17:54:01,,video_in,,"-45.1793,-45.3749",,False
,7904454060070,,853,,,,IMEI_393591,False
9319865773570,,2023-02-20 09:46:43,,,,,,False
,,2023-08-02 19:25:48,,,,,,False
4012857531857,,,,,,"-88.2303,-52.7359",,False
,,,,,CELL_565,"-39.3912,127.8927",,False
,1111261297290,,,,,,,False
,,2023-08-10 05:17:09,,,,"30.0716,44.8179",,False
,,,,voice_in,,,IMEI_748101,False
,,,,,,,,False
,9677038169500,,,conference,,,,False
,,,,,,"-25.4049,31.4960",,False
,,,3083,,,,,False
,,,1651,voice_out,,,,False
,,,2424,,,,,True
,,,,voice_out,,,,False
,1230421924867,,,,,,,False
,,,,conference,,"-82.6956,-155.0241",,False
,7728041802267,,,video_in,,,,False
,5325587514001,,,,,,IMEI_989904,False
,,,,,,,,False
,4240413648838,,,,,,IMEI_295451,False
,2628174919516,,,video_in,,,,False
,,,1354,video_out,,,,False
2397129871896,,,,voice_out,,,,False
3094497783607,1373047873158,2023-06-11 09:21:34,,,,,,False
,,2023-04-24 19:18:01,,,CELL_791,,,True
,3321268674584,,,,CELL_627,"30.2078,-168.2129",,False
5193589266829,7086788303295,,,,,,IMEI_330001,False
,,,,,CELL_576,,,False
9163807931490,,,,,,,,False
,,,1950,,,"6.4451,88.2117",,False
,,,,,,,IMEI_758368,False
,,2023-04-21 13:22:55,2442,conference,,"79.5952,156.0681",,False
,,,354,voice_in,CELL_237,,,False
,,,,voice_out,CELL_889,"16.2287,74.8211",,False
,,,119,,,,IMEI_948673,False
,,2023-08-01 18:07:15,,video_out,,,,False
4322995513213,,,,,,"28.8379,-108.8280",,False
4090832899399,,,,video_out,,,IMEI_930128,False
,,,,video_in,,"36.0531,46.4913",,False
,,,1016,video_in,,"37.4008,100.9392",,False
,,2023-02-24 07:20:09,,,,,,False
,,,,,,,,False
7867500582318,1092959426022,,,,,,IMEI_376133,False
,5046734449434,2023-08-25 13:09:25,524,,CELL_642,,,False
,,,,,,"23.1512,-155.5351",,False
,,2023-11-15 05:22:33,,,CELL_183,,,False
,,2023-09-13 20:24:29,,,,,,False
,,,3558,voice_in,,"61.2943,-82.0492",,False
2413270661150,,,,,,,,True
,9226622430443,,2772,,CELL_720,,,False
,,2023-09-14 15:57:30,,,,,,False
,,,,,,"37.3607,54.2119",,False
,,2023-09-02 23:42:28,,,,,,False
3710168928974,8278882957839,,1641,video_in,,,,False
5968915959683,7125217940556,2023-05-01 08:41:06,,,,,IMEI_280083,False
6009004404522,,,431,,,,,False
,,2023-10-08 04:52:01,2911,,CELL_786,"-38.8541,-76.6443",,False
,,,,voice_in,,"68.6993,-43.6910",,False
2500841278431,7413796075956,,,,CELL_401,,,False
5356993979958,,,,video_in,,"13.9021,-56.2333",,False
,,,71,,,,,False
,,,2344,,CELL_434,"72.6769,127.8685",,False
,,,537,,CELL_566,,,False
,,,3347,,,,IMEI_890496,False
,,2023-08-30 13:53:48,,video_out,,,,False
,,,,,,"-43.3801,80.3522",IMEI_495335,False
8379721676312,,,2585,,,,,False
7747457008188,,,,,CELL_195,,,False
,,,,,,,,False
,,,2918,,,,,False
4906383537114,,2023-02-25 02:54:18,1899,video_in,CELL_720,"37.8364,101.6943",,False
,8221556248194,,,,,,IMEI_639298,False
,,,,,,"-82.3632,-8.8569",IMEI_444441,False
,,,,,CELL_453,,IMEI_727856,False
9429989199355,,,783,,,,,False
,4173600223745,,,conference,CELL_276,,,False
,1876372601244,,,,,,,False
,,,,voice_in,,"-35.1626,68.1425",,False
,1347181126036,,,video_in,,,,False
,,,702,,,,IMEI_152375,False
7884081976879,3092025593168,2023-02-19 18:54:09,,,CELL_322,"-83.0969,-42.9591",,True
,,2023-10-15 22:53:50,,video_out,CELL_517,"-88.8958,139.7833",IMEI_655645,False
2128043324060,,2023-08-23 13:06:12,,,,"39.8055,13.1271",,False
3768991785402,5530687491672,2023-03-03 07:05:47,,,CELL_734,"11.4758,150.3878",IMEI_573088,True
5678498173119,,,1849,video_out,,,,False
,,2023-10-14 08:18:42,,,CELL_597,,IMEI_390034,False
,,2023-09-21 17:38:33,,video_in,CELL_612,,,False
,,,,,,,,False
,,,,conference,,"-23.4876,140.0768",,False
,,,3583,,,,,False
,,2023-11-14 14:15:53,,voice_in,CELL_138,,,False
,,,,video_in,CELL_841,,IMEI_306933,False
,,,2796,,,"-80.6818,-112.7660",,False
,5246832988249,,,,,,,False
,1851924560455,,,video_in,CELL_782,,,False
5547335460367,,2023-07-11 01:45:02,,,,,IMEI_508154,False
,,,,,,,,False
,,2023-07-15 05:39:25,1682,,,,,False
6901009381781,,2023-11-17 09:21:36,,,,"-52.6931,-10.3394",IMEI_732641,False
,,2023-11-28 13:06:45,,,,,,False
9010048679387,3438382758393,,2126,,,"38.9956,-171.7627",IMEI_176046,False
,,,2933,,,,,False
,,,1580,,,"70.7035,104.9450",,False
,8470437210736,2023-01-17 19:20:48,,video_out,,,,False
,,2023-04-09 03:51:22,849,,,,,False
,,2023-06-05 00:47:43,,,,"-28.5591,57.8798",,False
,,,,voice_out,,,,False
4521370919828,9583188677053,,,,,"-51.1793,-142.7202",,True
,,,,,,"-36.5953,-178.8841",,False
5505751266751,4125394907481,,2689,conference,,"-34.1408,139.5066",,False
,,2023-07-06 21:37:52,,,,,,False
,,2023-05-08 07:13:25,,,,"-86.9769,-84.8238",IMEI_677432,False
,,,,,,,,False
2260802949664,,,3520,,CELL_730,,,False
,,2023-06-28 12:30:48,2830,,,"0.5798,-36.4530",,False
,6863388921218,,,video_in,,"52.3216,-173.8948",,False
,,,,,,"-88.7296,-133.5055",,False
,,,,,,"21.3357,-19.0912",,False
,,,,,CELL_680,"24.3611,-98.6360",,False
,,,,voice_in,,,,False
4809095956597,,,2625,,,,,False
,,,928,,CELL_998,,IMEI_765016,True
7448562385964,,,,,,,IMEI_257319,True
,,,,,CELL_248,,,False
,,,,,,,,False
5240849591441,,2023-09-15 04:38:02,,,,,,False
,,2023-03-22 08:03:50,3214,,,,IMEI_627271,False
,,,,,CELL_711,,IMEI_525665,False
,,,1781,conference,CELL_285,,,False
,6437156282467,,,,,,,False
8916509630113,,,,,,,,False
,,,,,CELL_840,,IMEI_537766,False
,2855812191077,,,,,"17.1214,13.2904",,False
,,,,,,"58.7150,-141.9565",,False
,,2023-08-12 13:20:29,2035,,,,,False
,3879862220786,,,,CELL_696,,IMEI_669570,False
,,,,,,,,False
,7112492307470,,,,,,IMEI_601974,False
,2764354786093,,,,,"65.2712,94.0246",,False
,,2023-09-13 08:29:07,,,CELL_386,,,False
3661829940766,,2023-01-22 15:45:21,,,,,,False
,,2023-02-08 09:04:42,,,,,,False
,,,,,,,IMEI_771491,False
8697580062387,,,1103,,,,,False
,6805332600740,,30,,CELL_422,,,False
6068209597071,,,1110,,,,IMEI_140668,False
,9684779851098,,,,,"-89.9027,73.3695",,False
,,,,voice_out,,,,False
,,,,,,,,False
,,,,,,"-85.5285,-168.1006",,False
,7377769670463,,,conference,,,,False
,,,,conference,,,,False
7832805182689,,,26,,CELL_104,"67.4781,-64.2957",,False
,5827583901433,,,voice_in,,"-49.2177,-126.8338",IMEI_422451,False
,,,811,voice_in,,,,False
,,,,,CELL_298,,,False
,,,,,,"-63.1972,141.4154",,False
,,2023-09-02 12:14:34,1067,,,"-46.8019,147.7405",,False
9271568941878,,,,,,,,True
,,2023-06-08 06:39:53,,voice_in,,,,False
,1695647399806,,,,,,,False
,,2023-07-28 17:06:35,,video_out,,,,False
3362337374139,,,,,,,,False
2385386911526,9186477176795,,,video_in,CELL_180,,,False
,,2023-01-10 06:58:14,,,,,,False
9257831222137,,2023-08-16 12:07:49,,,,,,False
,5211387347532,,,,CELL_551,,IMEI_337807,False
,,,70,video_out,,"-46.5524,-179.4445",,False
4510868659943,,,,,,,,False
,,,,,,"88.1273,-130.4347",IMEI_597944,False
,,2023-04-28 13:04:49,,,,"19.1812,27.5194",,False
,,2023-10-17 03:39:32,,video_in,,,IMEI_351905,False
,,2023-08-22 14:11:36,,,CELL_150,,,False
,,,2794,,CELL_683,"-4.3102,36.2045",,False
,,,,,,,,False
,,,3515,,,,,False
,,,,,,,,False
,,,1979,voice_out,,,,False
4062191201808,,,,video_in,,,,False
,9186845021995,,,,,"89.2620,130.7729",,False
,,,,,,,,False
,,,,conference,,,IMEI_197896,False
2648451528426,,,534,,,"-43.3477,84.7095",,False
,,,,,,,,False
7449675430269,9945426534145,,,,CELL_624,,,False
,4884791608101,,,,,,IMEI_383983,False
4728718906612,,,,,CELL_860,,,False
,,,,video_in,,,,False
,,,1986,,,"-80.7155,39.3020",,False
2026420297027,6499139799413,,,,,,IMEI_772551,False
,,,,,CELL_960,,,False
,,,,,,,,False
,,,,,CELL_979,,,False
,,,3204,,,,,False
,2226953843290,,3053,voice_in,,,,False
,,,,,,,,False
,1157008016350,,1131,,,"10.3663,58.0993",IMEI_565536,False
3043839227603,,,,,,,,False
,,2023-09-03 22:35:30,,,,,,True
,7564625508960,2023-04-13 17:35:49,,,CELL_495,"30.5528,129.4049",,False
,,,,video_out,,,,False
,,,2419,,,"-20.0878,28.3680",IMEI_370249,False
,,2023-11-12 19:35:31,545,,,,,False
,4472235723084,,,,,"-63.0967,-155.8913",,False
,,,,,,,,False
,7766124477614,,,,,,,False
9375763440376,,,,,,,IMEI_114483,False
9188260384631,,,,,,,IMEI_776567,False
5376404340002,,,,,,"51.9087,-158.1261",,False
1600593025794,8281591442884,,,,,,IMEI_567984,False
,,,,,,"62.8626,-170.7169",,False
,,,,video_in,,,,False
,,2023-07-06 08:41:35,1108,,,,,False
,,,,,,,IMEI_888229,False
,,,691,,,"0.1837,162.7815",,False
,3017422085077,2023-12-26 03:15:07,,video_in,,"76.4477,75.6165",,False
,,,,voice_out,CELL_981,,IMEI_132351,False
,,,,voice_out,,,IMEI_107469,False
6427627992953,,,,,CELL_135,,IMEI_938346,False
,,,,,CELL_371,,,False
,,,843,video_in,,,,False
,,,1591,video_in,,,,False
,,,2123,video_in,,,,False
2909718544498,8123223283627,,,voice_in,,,,False
2538294292139,,,,conference,,"72.9949,102.1036",,False
,,,,video_in,CELL_469,,,False
7964828453647,,2023-04-18 06:38:19,,voice_out,,"-50.6457,-98.2148",,False
9742064728443,,,,,,,IMEI_380530,False
2392979757091,,,,,,,,False
8607757527590,,,,,,,IMEI_914301,True
,,,,,,,,False
,,,2297,,,,,False
,,,578,,,"66.1212,-165.1838",,False
,,,,,,"78.8057,-110.7951",,False
,,2023-04-10 02:55:31,,,,,,False
5127975036420,9698848977694,,,,CELL_304,"53.7371,90.7858",,False
,,,,,,"-49.4990,-107.9210",,False
,,,2085,,,,,False
3595490216364,,,,,,,,False
,,2023-09-09 01:47:59,,,,,,False
,4438190255996,,,conference,,,,False
,,,,,,,,False
9432450481809,,2023-08-31 14:13:31,,,,"81.5506,-59.4167",,False
4309987038124,,2023-10-24 07:11:41,,,,,,False
,,,,video_in,,"-27.2455,-9.1578",,False
,,2023-07-21 09:19:21,,,,"-24.6536,-126.2100",,False
8080877938028,,2023-09-17 20:47:16,,video_out,CELL_335,,,False
,,,1129,,CELL_373,,,False
,,2023-03-22 09:13:56,635,,,,,False
,,2023-02-13 02:54:50,,,,"35.6649,145.1755",,False
,,,1054,,,"40.5596,170.5367",,False
,,2023-03-04 02:31:17,3223,,,,,False
,,,3131,video_out,,,,False
,,2023-06-25 04:59:38,1091,,,,IMEI_435323,False
,,,,voice_in,,,IMEI_865493,False
,,,,,,,,False
,8512630692894,,,,,,,False
,8967709655573,,2926,,,,,False
,,,585,,CELL_733,,,False
,,,,,,,IMEI_621323,False
,,,,,,,,False
,2270101845543,,,,CELL_993,,,False
9434126025080,,2023-04-05 08:16:11,,,,,,False
,2000368619094,,,voice_out,CELL_435,,,False
,,,,conference,,"-15.3412,-43.5454",,False
,,2023-10-08 04:59:46,,,,"-25.1237,-91.0714",,False
,,,3246,video_out,,,,False
9154565227868,,,2899,,,,,False
6820930047064,6515720963947,2023-08-09 12:52:25,,conference,,"61.6336,-174.7494",,False
,,,769,video_in,CELL_631,"46.7749,46.1859",,False
,,,,,,,,False
2067292825110,,2023-04-21 11:55:41,,,CELL_801,,,False
,,2023-03-11 21:21:41,,,,"-36.0911,-53.1515",IMEI_566952,False
,,,,,,,,False
,,,,voice_in,,,,False
,,2023-12-17 19:44:08,,,,,,False
,,,2626,voice_in,,,,False
,,2023-11-24 03:31:56,270,,,"-18.1697,12.2641",,False
,,2023-07-16 10:26:45,,,CELL_598,,,False
,2904108808459,2023-12-15 16:47:36,,,,,IMEI_352342,False
,8230738562196,,,,,,,True
,,2023-01-08 07:47:47,,,,,IMEI_621231,False
9651586479676,,2023-07-22 15:18:35,1196,,,"7.2683,143.1685",,False
,,,265,,CELL_809,,,False
,,2023-01-25 13:33:41,,conference,,"-69.1233,72.0007",,False
,,,,,,,,False
,,,,,,,,False
,9983060956348,,,,,,,False
,,2023-02-25 04:55:11,,,,,,False
,,,,,CELL_239,,IMEI_407312,False
4051935003388,,,,,,"-59.1679,161.9013",,False
3052216183531,,,,,CELL_368,,,False
,,2023-12-21 10:51:06,,voice_out,CELL_538,,,False
,,,3454,,,,,False
,,,,,,,,False
9115152774385,,,,voice_out,,,,False
,,,2955,voice_out,CELL_798,"-67.3803,-147.7729",,False
,,,1568,,,"-36.5291,138.1799",IMEI_373227,False
,,,,,,,,False
,,2023-03-18 23:04:55,,,,,,False
,8523300231531,,160,,CELL_867,,,False
,,,1841,,,,,False
,,2023-10-20 01:02:33,,,,,,False
,,,3027,,,,,False
,,,,,,,,False
8224010966725,,,,,CELL_284,,,False
1664869556762,,2023-07-02 21:22:49,,,CELL_487,"12.5581,98.1834",,False
,,,,,,"-59.1576,-177.4013",,True
,,,1014,voice_out,,,,False
,9245580701522,2023-07-05 08:41:17,,,,,,False
,,,2400,,,,,False
,,,2961,,,,,False
,8243117679509,,,,,,,True
3742299534782,6816080769767,,,,,,,False
,,,3565,voice_in,,,,False
,,2023-05-09 04:24:19,,,,,,False
7356670386906,,,,video_out,,,,False
,,2023-09-04 12:56:32,,,,,,False
,1387820124723,,,,,,IMEI_243283,False
,2739995019681,,,,,,,False
7289379347907,5513436233884,,,,,,IMEI_545337,False
3812924556829,,,,,,"83.6675,36.5453",,False
,6477527812316,,1288,,,,,False
,,,,,,,,False
,3843810294745,,226,,,,,False
,,,,,,,,False
3894054624988,,2023-08-13 12:08:38,,voice_out,,,,False
,4685441643503,,,,,,,True
1376229167980,,,,,,"-37.3107,-9.1249",IMEI_582190,False
,,,3290,,,,,False
7868234991826,,,1104,,,"84.0944,79.3991",IMEI_895721,False
8540999078607,,,,,,,IMEI_413625,False
,2376246449892,2023-11-28 08:24:39,2623,,,,,False
8492240793996,,,,,CELL_104,,,False
,,2023-10-27 15:07:20,,,,"2.4293,-59.5757",,True
9142026380561,6092275944795,,,conference,,,IMEI_540019,False
,,,,,,"2.5411,66.1275",,False
,9044153603503,,2033,,,,,True
,,2023-10-30 02:35:14,,voice_out,,,,False
7310253462466,,,,video_out,,,,False
,3021662609610,,,conference,,"68.2013,-23.4916",IMEI_318414,True
6423416238817,5835020750143,,,,CELL_926,"-40.4429,77.4211",,False
,,,1801,,,,,False
,,,,voice_out,CELL_461,,,False
,,,2184,,,,,False
2191869648548,,,,,CELL_627,,,False
,,,,,CELL_798,,,False
,3545810333391,,2125,,CELL_147,"43.3165,-169.7699",IMEI_499299,False
,,,,,CELL_695,,IMEI_442358,False
6337573159905,,,736,,,,,False
,,2023-11-08 08:49:20,,voice_in,,,,False
3053778853379,,,,,,,,False
,,2023-06-11 21:27:20,930,video_out,,,,False
,,,,,,,,False
7253282530589,,,,,,,,False
,1525199161885,,,,,,,False
8294515199984,,2023-05-08 07:40:45,,,,"30.3702,156.1123",,False
,,2023-10-27 03:29:21,,,,"-38.2429,-175.2228",IMEI_743691,False
,,2023-01-19 19:40:42,,,,,,False
,,,,,,,,False
5520708667049,,,,,CELL_377,"11.8081,116.2813",,True
,,,,,,"49.0120,63.1035",,False
,,2023-01-15 13:53:44,,voice_in,,,IMEI_936060,False
,3291356281564,,,voice_out,,,,False
,,,,,CELL_275,"-23.3682,-88.9368",,True
4158657172762,8973289539148,2023-01-13 08:23:31,,,CELL_146,,,False
,,,,,,"-32.0153,-101.2619",IMEI_502599,False
6249847892370,,,,,,"-63.6346,111.2650",,False
,,,3285,,CELL_687,,,False
,,,2379,,,,IMEI_263971,False
,,,,,CELL_929,,,False
,,,2336,,,,IMEI_425938,False
,4015433902299,,,,,,,False
7454362876707,,,291,video_in,,,IMEI_412048,False
1791880182966,5370074196444,,1083,,CELL_459,,,False
,,,,,,,,False
,,2023-07-26 08:13:58,,,,,IMEI_638112,False
,,,,voice_out,,,,False
,6792778200405,,,voice_out,,,IMEI_796603,False
,,,,conference,,,,False
2533639777158,,,,,,"-11.4127,125.4770",,False
,,,2651,,,,,False
,,,2665,,,,IMEI_588467,False
,,2023-05-07 07:33:12,1702,,CELL_464,,,False
,8588519110647,,,,,,,False
,,,,voice_in,,,,False
,4615596662405,2023-03-09 00:35:45,2152,,CELL_630,"-55.4178,-115.7785",,False
8679446655215,,,,conference,CELL_175,"43.5808,-142.5944",,False
,2738228091008,,455,voice_in,CELL_488,,,False
8160761371124,,2023-03-21 21:17:13,,,,,,False
3053966421467,,,,,,,IMEI_480406,False
7499739422851,,2023-02-20 15:38:07,,,,,,False
,,,,,,"44.3725,-30.5841",,False
3510552438121,7600967509656,,,conference,,,,False
,,,,video_in,,,IMEI_178731,False
,,,,,CELL_613,,IMEI_372765,False
,,,,conference,,,,False
2454261954521,,,,video_out,CELL_722,"68.6413,66.4112",,False
7942641455408,5458884584656,,,conference,CELL_258,,,False
,,2023-04-18 20:27:30,,,,,,False
9577221209754,,,2048,,,,,False
,,,,,,,,False
,7722271864107,,,,,"23.2387,146.1493",,False
,2995747567287,2023-08-05 23:26:52,1288,,,,IMEI_589732,True
,,2023-07-25 04:42:28,,,CELL_927,,IMEI_259296,False
4560235115786,,2023-07-30 15:55:12,3101,,,,,False
7914427200850,,2023-02-28 14:45:28,,,,,,False
,,,,video_in,,,,False
,,,,,CELL_676,"72.7983,-79.3496",IMEI_227962,False
,,2023-05-22 00:39:24,,,,,,False
,,,,voice_in,,"48.7097,4.1345",,False
,8687378542530,,,voice_in,CELL_359,,,False
,4325593984862,,2598,,,,,False
,,2023-09-06 19:55:52,,,,,,False
,,,,,,,,False
,5743396469596,,,,CELL_619,,,False
,,2023-10-21 05:54:10,,,,"81.9978,51.6710",,False
,4197335109179,,,,,,IMEI_726522,False
,,,,video_out,,,,False
,,2023-02-15 06:34:28,,,,"20.6215,-142.7253",,False
,1457084904620,,,,,,,False
,1629789349748,2023-09-03 13:19:53,388,,CELL_926,,,True
,7786869417592,,803,,,,,False
,3564169454017,,1238,video_in,,,,False
,,2023-08-19 10:28:41,,,CELL_722,"-59.8529,171.1012",,False
,,2023-01-06 01:11:32,,,,,,False
1085452924939,3729479556627,,,,CELL_759,"78.4092,-105.8014",,False
,,2023-12-05 15:22:55,,video_in,,,,False
,,2023-09-22 07:36:04,37,,,,,False
,,2023-08-21 17:39:31,,,,,,True
,,,,,,,,False
,,,,voice_out,,,,False
,7071686460747,,3214,,,,,False
,,2023-11-14 15:43:25,,,,,,False
,,,,,,,,False
4797082263698,,,,,CELL_402,"46.0312,136.5661",,False
5515020261357,,2023-02-01 00:27:37,,,,,,False
5810396153749,5545237860729,,,voice_out,,,,False
,,,,,,"-82.4182,-26.0542",IMEI_357810,False
3384016439067,,,,,,,,False
,,,,,,,IMEI_260928,False
7233138315228,,,,video_out,,,,False
,,,,conference,,,,False
7731327195285,,2023-06-25 15:55:57,,voice_in,,,,False
,,2023-07-16 19:50:22,,,,,IMEI_237903,False
2379652281270,7438155898589,2023-09-11 20:05:07,,video_in,,,,False
1369620422917,,,216,,,,,False
,9252718856976,,,,,,,False
,,,582,,,,,False
,,2023-02-28 05:29:38,,,CELL_561,,,False
2383091979741,,,,,,,,False
,,2023-07-20 21:48:23,,,CELL_814,,IMEI_483420,False
,,,917,,CELL_645,"33.4928,-137.1076",,False
,5928209488529,2023-08-01 12:14:22,,,,,,False
8218758243623,3465997526902,,,,,,,False
,3359874086492,2023-04-15 21:13:35,,,,,IMEI_590363,False
1333209993870,,2023-10-17 10:11:41,,,,,,False
,,,,,,,,False
,6795377572750,,,conference,,,,False
,,,641,,CELL_974,"-52.0939,22.1581",,True
,,,,video_out,,,,False
,5652250653867,,,,,,,False
,,2023-01-20 06:01:59,1875,,,,,False
,,,1561,,CELL_961,,IMEI_430693,False
3147085695437,,,,voice_out,,"-14.5231,48.3949",,False
,,,,,,,IMEI_605095,False
,6468170147432,,,voice_out,,,,False
,1183398968316,,1073,voice_in,,"-53.3133,-82.7991",,False
,,,,,,,IMEI_623472,False
,,2023-12-11 04:04:37,,,,,,False
,9837932447854,2023-03-12 22:41:01,,,,,,False
,,,185,video_in,,,,False
,,,,,,,,False
,,2023-03-27 02:09:44,,,,,,False
9738252210683,,2023-05-16 16:58:04,,,,,,False
8873629806766,,,,,,,,False
,,,,,,,IMEI_474871,False
,,2023-09-10 17:11:43,819,,CELL_154,,,False
,,,,video_in,,,IMEI_739328,False
,1908378492489,,851,video_in,,,IMEI_193919,False
7656791973739,,2023-02-22 23:55:35,,,,,,False
,7275756118568,2023-04-05 14:52:09,1107,,,"69.0799,22.6554",,False
7211978114249,,,,,,,,False
,,2023-07-04 15:54:42,,,,,,True
,,,,,CELL_707,"22.4801,19.6261",IMEI_470711,False
,,,2229,,,,IMEI_542307,False
,,,,video_out,,"-66.7166,15.8913",,False
,,,,,CELL_466,,,False
,,,,,,,,False
,,,,video_in,,,IMEI_242798,False
9877191108901,2409367917257,2023-07-08 22:07:59,1958,video_in,,"12.0451,136.5118",,False
6791477927193,2688118209054,,1842,,CELL_812,,,False
,,,,voice_out,,,,False
3463237554907,,,,,,,,False
,9980065111143,,,,,"-19.1701,178.8700",IMEI_695774,False
,,,1649,video_in,,"-24.4680,161.4549",IMEI_360662,False
,7637309909053,,821,,,,,False
,,2023-02-13 20:00:19,,,,,IMEI_833700,False
,,,,,,,,False
9321320927192,,2023-04-16 05:45:32,,,,,,True
,,2023-02-02 17:36:41,,,CELL_609,,,False
,,,,video_in,CELL_918,"-45.6812,-146.6842",,False
,,,,,,,IMEI_205625,False
1310707077952,1342629373786,,,,,,,False
,,,1427,,,,,False
,,2023-11-25 21:28:25,,,,,IMEI_889544,False
,,,,video_out,,,,False
,,,,,CELL_950,,,False
,,,,,,,IMEI_306915,False
,3864721659020,,,,,,,False
8185551772768,,,1622,,,,IMEI_459487,False
,2070354117287,,,video_in,,"-30.2473,141.9637",IMEI_693647,False
,,,,,,,IMEI_690120,False
,9634635358045,,,voice_in,,"12.0558,-36.1581",,False
2498860966875,,2023-04-05 18:21:11,1867,,CELL_739,,,False
,6286233091706,2023-08-17 05:41:57,,,,,,False
,6448629180998,,688,,,,IMEI_581019,False
,,,633,,CELL_931,,,False
,,,,,,,IMEI_858247,False
,,2023-12-17 00:41:03,,voice_out,,,,False
,,,,,,,,False
,9474300688635,,2820,,,,,False
,,,,conference,,,,False
9482360539842,,,2663,,,,,False
3907512118585,,2023-02-18 09:07:02,,,,,,False
,,,,,CELL_563,"19.0388,150.5927",,False
,,,,,CELL_283,"27.8453,18.8076",,False
,9267020139943,,,,,,,False
2455424989493,,,,,,"-35.9062,-130.4626",,False
,,2023-03-04 01:33:19,2660,,,,IMEI_785244,False
,,,,,,,,False
3661592996973,,,,,CELL_676,,,False
,,2023-12-01 11:46:00,,,,"-40.5556,152.9551",,False
,,,3023,voice_in,,,,False
,,,2576,,,,,False
,,,1191,,CELL_378,,,False
2292086254076,,,2618,,,"-31.8005,10.5583",,False
,,,,,,,,False
,,,,,CELL_985,,,False
7670868506259,,,,,,,IMEI_704400,False
4681107721506,,,,,,,IMEI_801509,False
,,,,,,"17.4837,-93.8351",,False
,,,,voice_in,CELL_193,"68.3377,-86.7594",,False
8347600511015,,2023-01-15 08:52:58,,,,,,False
,9409783575454,2023-02-28 04:29:12,,,,,IMEI_457157,False
,,2023-04-10 04:55:00,,,,,,False
9765229318759,,,458,,CELL_420,,,False
4573017632519,,,1534,,,,IMEI_695174,False
,4182929409374,,2304,,CELL_348,,,False
2679892968934,,,141,,,,,False
,,,3278,video_in,,,,False
,3611264748050,,,video_in,,"-67.3335,164.4394",IMEI_368657,False
,,,,video_in,CELL_355,,,False
1129632253950,,,,,CELL_265,"77.0218,15.5901",IMEI_241677,False
,9000884074200,,,video_in,CELL_836,,,False
,,2023-11-10 10:15:22,,,CELL_975,,,False
,,,,,,,,False
,,,,,,,,False
6769590864459,,,,,,,,False
,5390921594269,,,conference,CELL_600,,,True
9380449384578,,,,,,,,False
,,,,,,,,False
,,,,video_out,,,,False
,,2023-07-23 08:11:58,,,,,IMEI_708393,True
,,,935,video_in,,,IMEI_277610,False
6423156369649,2804905327428,,795,,,,,False
,,,,,,,,False
,7945752270620,,,,,"18.4853,153.9575",IMEI_491633,False
,,,2651,conference,CELL_718,"-5.1988,-99.9314",,False
,,,,,,,,True
,,,,,CELL_836,,,False
7263721186919,4196267278040,,2203,conference,,"-19.9151,-36.4035",IMEI_989444,False
5461357955105,,,,voice_in,,,,False
,4359833655737,,,,CELL_613,,,False
,,,,,,,,False
,,,,,,,,False
,3676276389701,2023-03-13 09:10:42,3313,,CELL_315,,,False
,,,,,CELL_800,"-83.5759,-47.1543",IMEI_541574,False
,,,328,video_out,,"62.8590,-161.2288",IMEI_353041,False
,,,1199,,CELL_680,,,False
,,,2112,,,,,False
3141112220500,,,,,,"-78.6299,-143.0362",,False
,,,,,,,,False
,,,,,,"29.6220,28.9663",,False
1234483608768,,,,,,"52.0992,2.6496",IMEI_725111,False
,,,,voice_in,,,IMEI_821487,False
,,2023-12-14 19:54:46,,,,"36.3953,-86.6390",,False
,6918796858998,,,,,,IMEI_133007,True
8396513173219,,,,,,"56.9048,-90.2416",IMEI_520007,False
,,2023-12-30 21:36:13,371,,,,,False
,,2023-01-10 23:26:37,,conference,CELL_457,,,False
,,2023-03-03 13:14:37,,,CELL_674,,,False
,6095158782527,,959,,,,,False
,8066161703199,2023-07-05 22:35:41,,,CELL_556,,IMEI_572776,False
,1188778014682,2023-11-09 01:25:31,1325,,CELL_480,"79.7320,61.0357",IMEI_527851,False
,,,2443,,,,,False
8322867044720,,,594,video_out,,,,False
,,2023-04-12 17:52:33,,,CELL_751,,,False
,,2023-06-20 15:22:58,,,,"16.5189,128.7997",,False
,,,,,,,,False
,,,,voice_out,,"-14.4274,93.5235",IMEI_212903,False
,,,,,,,IMEI_435238,False
3009031868847,1662331407476,,2326,voice_out,,,IMEI_760519,False
,,,,,,"53.5904,82.5776",,False
,9792853022468,,,,,,,False
,,,2624,,,,,False
,1377841207289,,,voice_out,,,IMEI_140091,False
,,,432,,CELL_222,,,False
,,,,video_in,,,IMEI_795689,False
,8676509833009,,,,,,,False
2436742161712,,2023-02-14 07:08:17,,,,,,False
,,2023-04-03 12:48:57,927,,,,,False
,,2023-08-03 23:37:09,,,,"39.4733,-126.0731",,True
7859362296059,,,1753,conference,,"-14.4229,-81.7367",,False
,,,,conference,CELL_679,"61.0497,-170.9331",,True
,,,,video_out,,,,False
8950652645604,,2023-11-12 18:42:37,,,,,IMEI_695293,False
,,2023-07-17 20:39:09,,,,,IMEI_432994,False
8029432541823,5501952147044,,3274,,,,,False
,,2023-08-18 18:47:13,,video_out,CELL_292,,IMEI_668049,False
,1569658835440,,2149,,,,,True
,,,1348,,,,,False
2791561797511,,2023-05-04 08:01:59,393,,CELL_901,,,False
,,,,,,,,False
,,,,,,,,False
,,,,,,,,False
9151836988763,,,,video_in,,,IMEI_941981,False
6600813730546,2954125751955,,3119,,CELL_882,,,False
,6458387282145,,,conference,,,IMEI_342239,False
,1911479160371,,,,,,,False
,,,,,,,,False
,7199484021012,,,video_in,,,,False
,,,,,,,,False
,,,,,,,,False
,6343829499396,,82,,,,IMEI_155769,False
3217813442489,,,,video_out,,,IMEI_947962,False
,,2023-05-17 20:40:16,,,,,,False
7303194853743,,,,,,,,False
,2820367844357,,,,,,,False
,,2023-07-10 05:09:18,,conference,CELL_303,,,False
,,2023-03-10 22:02:43,,,CELL_831,,,True
,,,,,CELL_629,"-17.4544,13.7024",,False
,,2023-07-20 15:52:16,,,CELL_897,,,False
,,,764,,,,,False
,,2023-08-21 01:01:00,,video_in,,,,False
,,,,,,,,False
,9144666385602,,,,,,,False
,,,923,,CELL_207,,,False
1207164022770,4159138969740,,,,,"44.0872,110.4005",,False
,,2023-04-25 19:03:39,,,,,,False
,,,,voice_in,CELL_206,,IMEI_760988,False
,,,,,,,IMEI_379328,False
,8754710465222,,2561,video_out,CELL_749,,,False
,,,,,CELL_576,,,True
,,,,,CELL_777,,IMEI_563597,False
,9798838231057,2023-12-15 16:09:10,,voice_in,,,IMEI_924370,False
,,2023-12-27 03:37:30,,,,,,False
2775028386880,,,,,CELL_579,,IMEI_866062,False
6976116353941,8551386066753,2023-04-12 15:08:14,,video_out,CELL_477,,,False
,,,,,,"88.7299,-37.3182",IMEI_515837,False
,,,,,,,,False
,,,,video_in,,,,False
6539701044784,,,,voice_out,,,,False
,,,,,,,,False
,,,,video_in,CELL_339,"80.8974,176.2754",,False
,,2023-12-06 00:34:19,,,CELL_677,"-81.5341,-143.1828",IMEI_917035,False
,,,1062,,,,,False
,2829620052031,2023-01-07 04:08:28,,,,,,False
,,2023-09-16 04:28:48,1015,,,,IMEI_594787,False
,,,,voice_in,,,IMEI_106396,False
,9901696814256,2023-09-29 21:33:30,,video_out,CELL_314,,,False
,8235753400867,,,,CELL_892,,,False
,,,,video_in,,"23.1638,-85.8574",,False
2777570743898,,,505,,CELL_385,,,False
1344973663704,,,,,CELL_860,,,False
3942888050204,,,,,,,,False
,,,,,CELL_189,,,False
,8052006316119,,,conference,,,,False
,,2023-05-11 14:10:31,,,,"-19.8771,77.9941",,False
,,,,,,,IMEI_233887,False
,,2023-04-30 08:14:06,,,,,,False
,,2023-10-16 22:43:09,1721,,CELL_916,,,True
,,,2379,,,,IMEI_904930,False
6021669895637,1331511857680,,,,,"-0.6741,-3.9308",,False
,,2023-01-15 06:09:17,,video_in,,"-15.1950,2.2843",,False
,,,2777,,,,,False
,,,2257,,CELL_454,"-71.8860,-152.7187",IMEI_756513,False
,,,,,,"-15.0241,-24.8921",,False
,,,,,CELL_834,"89.3216,51.9125",IMEI_552321,False
,,2023-03-04 17:16:22,,,,"23.6576,123.7492",,False
,,,,,,"-31.9075,118.3409",IMEI_931366,False
7158793603469,,2023-08-12 22:32:07,,video_out,,,IMEI_259790,False
,,,,,,,,False
,,,,,,,,False
,,,,,,,,False
7412768835437,,,,,,"-41.4557,-99.4216",,False
1804361849993,,,,voice_in,CELL_619,,,False
,,2023-03-14 17:57:56,,voice_in,,,,False
,,2023-06-05 20:52:38,,,CELL_421,,IMEI_735598,False
,,,,,,,IMEI_423838,False
4543858245225,,,,voice_out,,"-37.0405,172.5714",,False
,,,,voice_out,,,,False
6356338748987,,,,,CELL_491,"-71.9994,-5.4151",IMEI_808293,False
,,,,video_in,CELL_229,"71.1334,-165.2311",IMEI_404904,False
,,2023-01-23 03:19:49,,video_in,,"-45.4537,-172.2171",,False
,8049396596852,,,voice_in,,,,False
6059429352165,,,,,,,,False
,6235573426891,,,conference,,,,False
,,,,,,,,False
9559809562147,3275143301287,2023-08-25 01:04:18,950,,,,,False
,,,,,,,IMEI_481001,False
,,,2273,,,,IMEI_720019,False
3003076734947,1190190495273,,,,,,,False
7331677718347,5887406938383,,,,,,,False
,,,,conference,,"-39.8665,-154.2680",IMEI_698837,False
1807474177460,,,,,CELL_951,"-68.8862,-163.6230",IMEI_585560,False
,3195136709706,,,,,,,False
7152163365404,3614585706271,,2934,,,,,False
,,,,,,,,False
,,,2750,,CELL_654,"-7.8559,-53.6509",,True
1415166042989,,,,,,,,False
,,,,voice_out,,,,False
3146571812820,4026280991320,,,,CELL_999,"-70.8538,-102.3609",IMEI_627758,False
,,,,,,"-40.0818,-59.9354",,False
1435003617435,,,1977,,,,,False
,,,,,,,,False
,,,,video_out,,,,False
,,,,,,"56.9922,99.9723",IMEI_314965,False
6339610983059,,,,voice_in,,"69.3967,-127.1722",,False
7710148067464,,,,voice_in,,"10.4470,-98.9931",,False
,,,,,,,IMEI_571510,False
,,,2117,voice_out,CELL_202,"-10.7200,0.1421",IMEI_315480,False
,1279075606631,2023-06-02 21:15:18,,,CELL_743,,,False
,,2023-03-23 20:12:13,,,CELL_506,,,False
,2572297627188,2023-06-03 13:12:37,,,,,,False
,,2023-02-15 06:15:17,755,,,,,False
,,2023-04-30 04:26:06,,,,"-7.1806,147.6816",,False
,,,2649,voice_out,CELL_453,"89.8923,-98.9268",,False
3667191823191,,2023-11-10 23:36:26,,,,,,True
,,,,voice_in,,,,False
,,,,video_in,CELL_483,,,True
,,,,,,"74.0128,137.1786",,False
,8256643570100,2023-01-28 14:52:13,,,CELL_376,,,False
,,2023-11-21 22:52:51,,,,"74.9100,33.1238",,False
,,,,,,,,False
4499810289485,5142015524391,,,,,,,False
,,,,voice_out,,"-39.7264,48.8640",,False
5233272722134,,,,,,"-56.1184,40.7152",,False
,,,2013,,,,,False
,,,,voice_out,CELL_281,,,False
6909877701231,8331631898498,2023-07-06 19:54:59,,,CELL_969,,,False
,,2023-07-24 10:11:47,,,,,IMEI_101330,False
4880479277548,,,,,,,,False
,,,1913,,,,,False
,,,,,,,,False
,,,,,,"10.1087,-174.6368",,False
,,,,voice_out,,,,False
,,,,,,,,False
,,,,,CELL_998,,,False
,,,,video_out,,,,False
,2765821126683,,,,,,,False
,,,1958,,,,,False
3008976629838,,2023-06-24 09:36:25,,video_out,,"-45.4518,-165.0765",,False
,,,576,,,"27.7594,-148.5425",,False
,,2023-12-13 08:30:17,3007,,,,,False
5125292361290,,2023-10-10 06:33:45,3169,,CELL_205,"-76.2685,169.6730",IMEI_750297,False
,,,,,CELL_677,,IMEI_203336,False
2189553372852,,,,video_in,,,,False
6286046409553,4812847544891,,,,,,,False
,4972100395624,,923,,,"78.6684,153.4953",,False
8560975745167,,,,,,"-20.1764,20.7224",,False
,9210141518442,,,,,,IMEI_323823,False
,,,,,,,IMEI_651537,False
,,,742,,,,IMEI_165764,False
,,,,,,,IMEI_324996,False
4056679672781,,,,,CELL_676,"42.2466,-54.2831",,False
,1835647335917,2023-10-02 22:21:58,,,CELL_529,,,False
3113145600998,,,,,CELL_230,,,False
,,,,,,"-74.3827,92.4100",,False
,,,,,,,IMEI_628453,False
,6241252399900,,902,video_in,,"47.5919,27.4688",,False
,2018979871703,2023-05-05 00:21:57,,,,,,False
,9333458281480,,,,CELL_861,"29.0211,112.3184",IMEI_271011,False
,,2023-04-20 15:53:18,,,,"13.2020,-173.2032",,False
,,,,,,,,False
,,,,,,,,False
,,,,,,"-38.6294,-176.9870",,False
,,2023-03-27 01:26:03,,voice_out,CELL_319,,,False
,9635900965785,,,,,,,False
,,2023-09-30 19:22:23,,,,,,False
7193729594752,5603089401241,2023-09-04 20:41:44,1722,,,,,False
,,,2481,video_in,CELL_254,"24.5685,-171.4365",IMEI_867104,False
,,,,,CELL_714,,IMEI_681896,False
,,,,,,,,False
,2555806759513,2023-08-26 05:36:34,,,,,,False
8501894686240,3401841014022,,,,,,,True
,,2023-08-14 17:04:11,,video_in,,"-33.7672,-89.9452",,True
,,,222,,,"33.7902,111.6143",,False
,,2023-04-05 20:44:53,,,,,IMEI_847903,False
,,,3557,,,,IMEI_120298,False
,,,2328,,,"33.3636,131.1460",,False
,,,385,,,,,False
1663226035695,,2023-01-17 09:36:31,,,,"-85.1759,-134.9317",,False
,,,1530,conference,,,,False
,,,624,,,,,False
,,2023-03-28 12:13:31,3328,,,"16.3180,111.8847",,False
,,,2164,,,,IMEI_278103,False
,,,,,CELL_210,,,False
,,,,video_out,,,,False
5459211484255,,,2048,,,,,False
,8033428244364,,,video_in,,,IMEI_145066,False
,,,,,CELL_128,"49.6053,-28.9149",,False
,,,3158,,CELL_736,,,True
,,,,,,,,False
,,,234,,CELL_829,,,False
,,2023-07-03 18:27:14,,,,,,False
,,,,,,,IMEI_400565,False
,,,,,,"-57.9665,-161.8762",,False
1764383391366,,,,,,,,False
,2336032031052,,,,CELL_566,,IMEI_265149,False
,,,,,,"-61.7620,22.2217",IMEI_377302,False
,,,,video_out,,,,False
,,,,video_out,,"35.6456,-0.3481",,False
,,,,,,,,True
,,,,,,,,False
,,,,,,,,False
,,,,video_out,,,,False
7797739385096,,,,,,,,False
,,,,,,,,False
,,,3128,conference,,,,False
,,,,,,,,False
,,,2106,,,,,False
7201082314143,,,,,,,,False
1217041651773,,,,,,,IMEI_802252,False
,,,,,CELL_920,,IMEI_666162,True
,,2023-09-24 17:18:00,,,,,,False
,,,,video_out,,,,False
8837797738706,,,,video_in,,"-49.0462,-5.7228",,False
,,,,,CELL_364,,,False
1624810900578,,2023-09-16 10:42:22,,voice_in,CELL_572,"-48.8081,-95.2428",IMEI_808244,False
2260402063273,6516468474136,,2288,,,,,False
3538749462491,,,,,CELL_170,,,False
,8322172332525,,,voice_in,,,IMEI_957547,False
,4472564022103,2023-05-13 23:06:06,,,,"79.1687,-179.4107",,False
,9192900842917,,3600,,,,,False
,4465649306077,,,video_out,,"-76.9753,112.6379",,False
,3467417955639,,1850,,,"-10.7780,149.2093",,False
,,,,,,,IMEI_516265,False
,,2023-03-21 22:12:01,,,,"-53.7206,-62.5245",,False
3696135715520,,2023-10-19 17:32:00,2716,,,,IMEI_741822,False
5669668732885,,,2371,,,"76.8360,-177.4352",IMEI_664987,False
,4461745494850,,,,,,,False
,8839883493568,,139,,,,,True
,,,,,CELL_690,,,False
,3238063843762,,,,,,IMEI_587270,False
,,,,conference,,,,True
,,2023-07-31 13:45:42,,,,,IMEI_486701,False
,,,,video_out,,"-30.7754,142.7249",,False
,,,1133,,,,,False
,,,,voice_in,,"89.9666,48.7343",,False
,5330805469511,,,,,,IMEI_837038,False
,,,,,,"-40.3854,36.8123",,False
,,,,voice_out,,,,False
,,,2887,video_out,CELL_189,"-40.0400,-162.9049",,False
6665341059321,,,,,,,,False
,3578046512702,,,voice_in,,"-58.5977,104.7295",,False
,,,300,,,,,False
5622689478453,3934998460983,,,,,,,True
6799153623948,,,,,,,,False
,1518945210575,2023-09-10 05:51:09,,,CELL_101,,,False
,9235625418006,,,,,,IMEI_705359,False
,,2023-04-22 11:09:19,,video_out,,,,False
4386176955968,,2023-09-17 14:38:05,,,,"-12.7759,152.0597",,False
,,,,,,,,False
,7219955965234,,,,,,IMEI_940900,False
,,,,video_in,,,,False
,7517624916462,,,video_in,,,,False
,,,,,,"80.7269,64.9195",,False
,,2023-08-04 17:30:19,,,,,IMEI_225224,False
7029910257471,,2023-01-21 02:13:03,,,,,,False
,,,,,,,,False
,,,,,,,,False
,,,,,,,,False
,,,,video_out,CELL_877,,,False
6650223344126,,,,,,,,False
,,,,,,,,False
,3005193442023,,,,,,,False
,,,,,,,IMEI_538548,False
,3869807560192,,,,CELL_288,,IMEI_841538,False
,,2023-10-21 02:58:24,,,CELL_248,"55.7839,155.5676",IMEI_545139,False
6818884732510,,,,video_out,,,,False
4771979699932,6368575527488,2023-10-08 06:08:12,88,,CELL_830,,IMEI_827036,False
,,,,voice_in,,,,False
5845875161807,4327403106669,,2468,,,,IMEI_716203,False
,,,,,,,,False
,,,1348,,,"66.6485,-38.2198",IMEI_797160,False
,,,991,voice_out,,"85.6346,12.5163",IMEI_217081,False
9805521417474,,2023-08-31 06:46:31,,,,,,False
,,,,,,,IMEI_165603,False
,,,3574,,CELL_548,,IMEI_813281,False
,,2023-05-20 14:57:23,,video_out,,,IMEI_472342,False
,8998501979100,,,voice_in,CELL_402,,,False
,,,,,,,,True
,,,,,CELL_338,,,False
8519380363924,,,,,,,,False
,,2023-09-27 00:51:30,189,,,"-50.7226,14.1739",,False
8303907263527,,,,,,,,False
,,2023-04-08 23:15:30,,,,,,False
,,,,,CELL_196,,,False
8740550689559,2821414853992,,,,CELL_535,,,False
,8462710744322,,,,CELL_856,,,False
,7353852631120,2023-07-12 06:45:55,1897,,,,,False
2986903251276,,,,,,"10.4701,24.1950",IMEI_162137,False
2955758907322,5159526600023,,,,,"-27.0927,38.6500",,False
5284401056828,1449072467614,,2451,,,,,False
,8407386715579,,,,CELL_597,,IMEI_598689,False
,,,,,,,,False
,,,,,,,,False
,6627857476512,,,,,,,False
,4462746111613,,,,,,,False
,,,,,,,,False
,,2023-03-13 21:37:41,,,,,,False
,7447414364822,2023-01-11 06:49:03,2621,,,"21.8877,150.8484",,False
,,2023-05-18 22:28:51,,,,"64.9551,-118.8039",,False
,,,,video_in,,,,False
6543446983895,,,,,,,,False
6250935538535,2430457254412,2023-04-17 11:36:04,,,,"56.1755,55.1469",,False
4300200299642,6608752979913,,,video_out,CELL_407,,,False
,,,2782,video_in,,,IMEI_784648,False
,,,1275,,CELL_384,"-75.7143,91.1323",,False
,,,,,,"11.3418,86.2966",,False
,,,1509,,CELL_857,,,False
,3188495977525,,,,,"-72.9060,11.2230",,False
,8074147812625,,,,CELL_720,,IMEI_158273,False
,,,,video_out,,,,False
,7605218222150,,,,,,,False
,4371036116062,2023-01-03 01:08:53,,,CELL_630,,,False
,,,,video_in,,,,False
1361879573668,,,,video_in,,,,False
,,,,,,,IMEI_418697,False
1724687783319,,2023-05-17 23:59:38,,,,,IMEI_478876,False
,,,,voice_in,CELL_706,,,False
,,2023-11-21 19:03:37,,video_out,,"-86.8495,121.2996",,False
,1594626607223,,,,,,,False
,,,,,,,,False
3114783894998,,,,,,"-9.3898,-91.8204",,False
,,,2966,,,,,False
,,,,,,,,False
,,,,voice_in,CELL_238,,IMEI_875109,False
,,2023-08-08 18:05:55,2144,,,,,False
,8172648408830,,521,,CELL_183,,,False
,,2023-12-30 21:34:27,,,,,,False
1442554513109,,,,,,"27.2040,-22.1248",,False
,,2023-01-05 06:23:17,,,,,,False
,,2023-09-15 18:17:46,,,,"-53.1734,44.6653",,False
,,,,video_in,CELL_450,"64.6926,-13.3821",,False
,6806347913671,,,conference,,,,False
9024006713097,,2023-02-19 12:42:11,,,,,,False
,1581206906221,,,,CELL_689,,,False
,,,1118,video_in,,,,False
,,2023-08-13 22:25:19,,voice_out,,,,False
,,,,,,,,False
,,,,voice_in,,,,False
,6657799517701,,,video_out,,,,False
,,,,voice_out,,"50.3542,12.6022",,False
,,,,video_in,CELL_199,,,False
,,,,conference,,"-20.0300,-97.6443",,False
,,,,,,,,False
,,,,,,,,False
,,,,,,,,False
,1874624374190,,,video_out,,,,False
,1582180991844,2023-05-24 08:13:20,,,CELL_101,,,False
,3748435293287,,,,,"61.6112,3.1058",IMEI_325991,False
1593682892985,,,,,,,,False
,,,2073,,CELL_699,,,False
,,,,,CELL_177,,,False
8044723552900,5520349738425,2023-10-23 15:06:10,846,,,,IMEI_995228,False
7473072027360,1931860743027,2023-01-28 12:10:05,910,,,,,False
,,,,,,,IMEI_363204,False
,,,,voice_in,,,,False
,,,,,,,,False
,,,,voice_out,CELL_177,,IMEI_254421,False
2730743185618,,,,,,,,False
,,,,,CELL_232,,,False
8526136212677,4853745417795,,,,CELL_653,,,False
,,,,,,"26.0171,-160.8861",,False
,,2023-08-19 19:21:13,2202,,,,,False
,,,2807,,,,,False
,,,,,,"-37.1148,135.8715",,True
7299486540855,5683147935723,,,,CELL_846,"49.7992,-106.4975",IMEI_840503,False
,9457778446267,,,video_in,,,,False
,,,1960,video_in,,"65.8702,5.9222",,False
,,,,,,,,True
,,,,voice_out,CELL_593,,,False
2872694461780,,,,,CELL_182,,IMEI_821125,False
,,,2536,,CELL_118,,IMEI_672694,False
,1191193890111,2023-01-09 05:46:56,,,,,,False
,8489249937038,2023-04-19 15:59:37,,,,,,False
,,,,,,,,False
5991242813345,7061939730925,,,video_in,,"28.0942,-96.1429",,False
,,,,video_out,,,,False
,7852401295163,,1296,,CELL_135,"57.8539,93.2571",IMEI_186748,False
,9050516759885,,,conference,,"-13.5449,70.6109",,False
1916449452651,4108083867947,2023-05-27 13:43:40,79,,,,,False
9270288673429,,2023-08-09 08:25:56,2896,,,,,False
,,2023-07-14 00:45:29,,,,,,False
7078329197777,,2023-10-27 09:25:15,,,,,,False
,,,,,CELL_111,,,False
,,,,,,,,False
9494647984838,5709404229309,,2780,video_out,,,,False
8726241280957,5082940864999,2023-07-13 17:04:46,,voice_in,,,,False
,,2023-03-13 13:09:00,,voice_in,,,,False
,,,,,,"-26.6538,27.7858",,False
,8132183958801,,,conference,,,,True
8670694533714,,2023-07-29 06:13:13,1055,,CELL_302,,,False
,1312142542928,2023-06-22 14:39:36,,video_out,,"-1.9042,-4.9914",,False
,,,,,CELL_192,,,False
,,2023-02-13 02:28:43,,,,,,False
5993697762857,,2023-04-29 05:15:11,,,,"-15.6226,14.6006",,True
,,,1054,,,"18.1750,141.5803",,False
1825386201829,,,,,CELL_689,,,False
,2745398983080,,,video_out,,,,False
,,,2406,voice_in,,"19.1622,59.4696",,False
2199175246837,,,,,,,IMEI_108836,False
8737851652038,,,,,CELL_782,,,False
,,,,,,,,False
,,,,,,,IMEI_164366,False
,,,,voice_in,,,,False
,,,,,,,,False
,,,,video_in,,,,False
2408326642446,,,,,CELL_667,,IMEI_164571,False
,,2023-12-25 05:12:14,364,,,"-12.7432,50.8745",,False
9780640169447,9501658979435,,,,,,,False
,,,,,,,,False
,,2023-07-18 06:46:49,,video_in,CELL_615,"-13.8445,156.3150",,False
,,2023-11-01 21:26:44,,,CELL_684,"-77.4427,-133.9275",,True
,,,,,CELL_682,,IMEI_240413,False
,1064041864060,2023-03-26 13:41:05,2883,,,,,False
,,,,,CELL_896,"51.6862,141.1816",,False
,,,,,,,,False
5335146903159,,,165,voice_out,,,,False
,,,,video_out,,,IMEI_427345,False
7901818731172,,,,video_in,,,IMEI_483097,False
,,,3013,voice_in,,,,False
,1144475368758,,,,CELL_514,,,False
,,2023-01-31 06:55:09,,,CELL_210,,,False
,2020924375104,2023-07-01 20:04:30,,,,"-19.8590,18.5195",IMEI_455399,False
2442128791968,7600862232347,,,,,,,False
6175355832638,8907075088022,,,conference,,,,False
,,,,,CELL_735,"22.0984,138.7601",,False
,,,,voice_in,,,IMEI_371131,True
,,,,,,,IMEI_381258,False
1811728440242,,,,,CELL_194,,,False
,9717644685102,,1012,,,,,False
,,2023-07-16 20:37:47,,,,,,False
,,,264,,,,,False
,,,2943,,,"-20.4871,-80.0884",,False
,,,1273,,CELL_471,"-9.5175,161.5662",,False
,1515947289435,,442,,,"21.4549,-47.6825",,False
,,,,,,,,False
,5858884042169,,,voice_out,,"-49.4447,-12.8560",,False
,,,,conference,,,,False
,,,,,CELL_469,,,False
,,,,video_in,,"-7.7341,125.2696",,False
9781653258042,2837337961287,,3223,,CELL_219,"-12.1496,130.0309",,False
,,,,,,"16.8949,-20.4904",IMEI_902878,False
,,,,,,,,False
,,,,,,,IMEI_718809,True
,,,,,CELL_254,"-48.8794,157.6611",,False
,,,,,,,,False
,,,,voice_out,,,IMEI_499789,False
,8636408644329,,,,,"-67.3032,81.3477",,False
,,2023-06-07 06:42:31,,,,,IMEI_567975,False
7952777876645,,,,,,,,False
8259860569186,4918785763458,,,,,"-31.8829,-26.8824",,False
,,,,conference,,,,False
,,,,voice_in,,,,False
,,2023-09-24 23:40:10,914,conference,,"87.5162,-135.4173",,False
,,2023-01-20 06:24:15,396,,,,,False
,,,,,CELL_890,,,False
3474844378724,4647440810291,2023-05-15 08:38:53,3411,,,,,False
2796874166702,6668509251359,2023-03-29 23:04:31,,,,,,False
,,,,,CELL_851,,IMEI_644727,True
,,,,,,,,False
1522973371705,,,2648,,,"85.5161,91.8517",,False
,,,879,,,,,False
,,,,,,,,False
,,,,,,,,False
,,,,,,,,False
,,2023-07-07 05:29:54,1180,,,,,False
,1252408838647,,,,CELL_948,,,False
,,,,voice_in,CELL_728,,,False
8188993020821,6979092837963,,,,,,,True
,,,,,,,,False
,,,,,,"59.4740,-36.4369",,False
,,,,,,,,False
7753430023645,,,3544,,,,,False
7907781458410,,2023-02-25 08:27:19,1533,,,,,False
,,,,,CELL_908,,IMEI_222673,False
8072000624583,,,,,,"50.0432,-174.5517",,False
,,,,,CELL_101,,,False
3567907620602,,2023-02-18 00:12:28,1703,,,"21.4994,71.4057",,False
,,2023-10-26 06:01:38,,voice_out,,"-58.5692,-63.5028",,True
7711007886333,,2023-10-27 19:10:17,,video_in,,,,False
,,,,,CELL_112,,,False
,9891951016303,,,,,,,False
,2589071567651,,,,,,IMEI_768168,True
2683505568221,,2023-08-31 14:26:52,,,,,,False
1611930559951,,,3223,voice_out,,,,False
,,,,voice_out,,,,False
,6052790998120,,,,,,,False
,,,,,,,,False
,,2023-08-17 21:41:16,,,,,,False
,,,3323,,,,IMEI_784541,False
,,,,video_in,,,,False
,,,,,CELL_277,,,False
,,,2362,voice_in,,,,False
,,,,,CELL_824,"58.0666,-57.9646",IMEI_600485,False
3230685276026,,,,voice_out,,,,False
,8760201129332,,,,CELL_833,,,False
4122495480337,,,,,,,,False
,,,,,CELL_549,,,True
,,,,,,,,False
,,,3432,,,,,False
,,,,voice_out,CELL_938,,,False
,,2023-02-05 17:49:20,,,,,IMEI_595335,False
,,,,,,"12.3693,-50.6173",,False
,,,,,,,,True
,5068212046709,2023-08-01 18:54:38,,,,"-49.6435,-10.3095",IMEI_704948,False
,1784552312499,,,conference,CELL_280,,,False
7106943198603,,,,,,"67.0296,-107.0693",IMEI_738115,False
9289411873948,,,,,,,,False
,,,,voice_in,,"14.9835,-21.9768",,True
,,,886,,,,,False
,,,,,,,IMEI_648682,False
,6689896690611,,,,,"-5.8615,118.3132",,False
1368721017669,,,,,,,IMEI_759319,False
3937268321438,,2023-01-28 04:57:17,,,CELL_363,,,False
6334155776488,,,,,CELL_215,"-73.9344,-54.5727",,False
,,2023-11-29 11:53:58,,,,,,False
,8811703276354,2023-01-13 00:18:53,,,,,,False
,8661520999487,2023-05-11 19:27:05,,video_out,,"8.6148,-156.4013",,False
,,2023-04-21 13:22:55,2442,conference,,"79.5952,156.0681",,False
,,2023-10-14 08:18:42,,,CELL_597,,IMEI_390034,False
5376404340002,,,,,,"51.9087,-158.1261",,False
,,,,video_in,,,,False
8607757527590,,,,,,,IMEI_914301,True
,,2023-07-21 09:19:21,,,,"-24.6536,-126.2100",,False
,7275756118568,2023-04-05 14:52:09,1107,,,"69.0799,22.6554",,False
,,,,video_in,CELL_918,"-45.6812,-146.6842",,False
2292086254076,,,2618,,,"-31.8005,10.5583",,False
,,,2443,,,,,False
,9798838231057,2023-12-15 16:09:10,,voice_in,,,IMEI_924370,False
,,,,,,,,False
,,2023-04-30 04:26:06,,,,"-7.1806,147.6816",,False
,,,,,,"-38.6294,-176.9870",,False
,,,,,,,,False
,,,,video_in,,,,False
,,,,voice_in,CELL_706,,,False
,,,,,,,,False
